Time,RAM-Usage
06.07.2021 00:00:00,1081
06.07.2021 00:05:00,933
06.07.2021 00:10:00,991
06.07.2021 00:15:00,1938
06.07.2021 00:20:00,1305
06.07.2021 00:25:00,1037
06.07.2021 00:30:00,1144
06.07.2021 00:35:00,862
06.07.2021 00:40:00,843
06.07.2021 00:45:00,1034
06.07.2021 00:50:00,862
06.07.2021 00:55:00,802
06.07.2021 01:00:00,890
06.07.2021 01:05:00,893
06.07.2021 01:10:00,862
06.07.2021 01:15:00,950
06.07.2021 01:20:00,991
06.07.2021 01:25:00,966
06.07.2021 01:30:00,1209
06.07.2021 01:35:00,860
06.07.2021 01:40:00,893
06.07.2021 01:45:00,898
06.07.2021 01:50:00,928
06.07.2021 01:55:00,879
06.07.2021 02:00:00,884
06.07.2021 02:05:00,898
06.07.2021 02:10:00,838
06.07.2021 02:15:00,1015
06.07.2021 02:20:00,1015
06.07.2021 02:25:00,1048
06.07.2021 02:30:00,1097
06.07.2021 02:35:00,827
06.07.2021 02:40:00,1073
06.07.2021 02:45:00,884
06.07.2021 02:50:00,852
06.07.2021 02:55:00,1024
06.07.2021 03:00:00,860
06.07.2021 03:05:00,884
06.07.2021 03:10:00,911
06.07.2021 03:15:00,893
06.07.2021 03:20:00,901
06.07.2021 03:25:00,977
06.07.2021 03:30:00,1070
06.07.2021 03:35:00,974
06.07.2021 03:40:00,860
06.07.2021 03:45:00,895
06.07.2021 03:50:00,876
06.07.2021 03:55:00,819
06.07.2021 04:00:00,920
06.07.2021 04:05:00,985
06.07.2021 04:10:00,1089
06.07.2021 04:15:00,909
06.07.2021 04:20:00,942
06.07.2021 04:25:00,1065
06.07.2021 04:30:00,1217
06.07.2021 04:35:00,854
06.07.2021 04:40:00,909
06.07.2021 04:45:00,884
06.07.2021 04:50:00,942
06.07.2021 04:55:00,895
06.07.2021 05:00:00,958
06.07.2021 05:05:00,860
06.07.2021 05:10:00,819
06.07.2021 05:15:00,966
06.07.2021 05:20:00,1032
06.07.2021 05:25:00,1040
06.07.2021 05:30:00,1155
06.07.2021 05:35:00,966
06.07.2021 05:40:00,852
06.07.2021 05:45:00,958
06.07.2021 05:50:00,835
06.07.2021 05:55:00,909
06.07.2021 06:00:00,920
06.07.2021 06:05:00,808
06.07.2021 06:10:00,901
06.07.2021 06:15:00,860
06.07.2021 06:20:00,1053
06.07.2021 06:25:00,944
06.07.2021 06:30:00,1135
06.07.2021 06:35:00,1089
06.07.2021 06:40:00,914
06.07.2021 06:45:00,928
06.07.2021 06:50:00,1021
06.07.2021 06:55:00,909
06.07.2021 07:00:00,920
06.07.2021 07:05:00,961
06.07.2021 07:10:00,1299
06.07.2021 07:15:00,1141
06.07.2021 07:20:00,909
06.07.2021 07:25:00,1032
06.07.2021 07:30:00,1239
06.07.2021 07:35:00,942
06.07.2021 07:40:00,972
06.07.2021 07:45:00,1122
06.07.2021 07:50:00,1299
06.07.2021 07:55:00,1237
06.07.2021 08:00:00,1130
06.07.2021 08:05:00,1228
06.07.2021 08:10:00,1081
06.07.2021 08:15:00,1220
06.07.2021 08:20:00,1097
06.07.2021 08:25:00,1040
06.07.2021 08:30:00,1138
06.07.2021 08:35:00,1146
06.07.2021 08:40:00,1007
06.07.2021 08:45:00,972
06.07.2021 08:50:00,1004
06.07.2021 08:55:00,1127
06.07.2021 09:00:00,903
06.07.2021 09:05:00,1086
06.07.2021 09:10:00,1103
06.07.2021 09:15:00,955
06.07.2021 09:20:00,1250
06.07.2021 09:25:00,1228
06.07.2021 09:30:00,1179
06.07.2021 09:35:00,961
06.07.2021 09:40:00,922
06.07.2021 09:45:00,1001
06.07.2021 09:50:00,868
06.07.2021 09:55:00,840
06.07.2021 10:00:00,961
06.07.2021 10:05:00,911
06.07.2021 10:10:00,1056
06.07.2021 10:15:00,1185
06.07.2021 10:20:00,1103
06.07.2021 10:25:00,1097
06.07.2021 10:30:00,1266
06.07.2021 10:35:00,1351
06.07.2021 10:40:00,1220
06.07.2021 10:45:00,1083
06.07.2021 10:50:00,1155
06.07.2021 10:55:00,1024
06.07.2021 11:00:00,950
06.07.2021 11:05:00,1042
06.07.2021 11:10:00,1458
06.07.2021 11:15:00,1187
06.07.2021 11:20:00,980
06.07.2021 11:25:00,870
06.07.2021 11:30:00,1283
06.07.2021 11:35:00,865
06.07.2021 11:40:00,827
06.07.2021 11:45:00,1075
06.07.2021 11:50:00,1015
06.07.2021 11:55:00,947
06.07.2021 12:00:00,999
06.07.2021 12:05:00,1062
06.07.2021 12:10:00,980
06.07.2021 12:15:00,1114
06.07.2021 12:20:00,1002
06.07.2021 12:25:00,1078
06.07.2021 12:30:00,1368
06.07.2021 12:35:00,980
06.07.2021 12:40:00,1026
06.07.2021 12:45:00,1089
06.07.2021 12:50:00,1048
06.07.2021 12:55:00,1062
06.07.2021 13:00:00,1187
06.07.2021 13:05:00,991
06.07.2021 13:10:00,1010
06.07.2021 13:15:00,1086
06.07.2021 13:20:00,1010
06.07.2021 13:25:00,947
06.07.2021 13:30:00,1146
06.07.2021 13:35:00,925
06.07.2021 13:40:00,860
06.07.2021 13:45:00,860
06.07.2021 13:50:00,835
06.07.2021 13:55:00,983
06.07.2021 14:00:00,1097
06.07.2021 14:05:00,1056
06.07.2021 14:10:00,1078
06.07.2021 14:15:00,993
06.07.2021 14:20:00,920
06.07.2021 14:25:00,1001
06.07.2021 14:30:00,1171
06.07.2021 14:35:00,925
06.07.2021 14:40:00,914
06.07.2021 14:45:00,977
06.07.2021 14:50:00,1097
06.07.2021 14:55:00,1201
06.07.2021 15:00:00,1029
06.07.2021 15:05:00,947
06.07.2021 15:10:00,952
06.07.2021 15:15:00,1119
06.07.2021 15:20:00,925
06.07.2021 15:25:00,1122
06.07.2021 15:30:00,1294
06.07.2021 15:35:00,1053
06.07.2021 15:40:00,972
06.07.2021 15:45:00,881
06.07.2021 15:50:00,974
06.07.2021 15:55:00,901
06.07.2021 16:00:00,819
06.07.2021 16:05:00,770
06.07.2021 16:10:00,974
06.07.2021 16:15:00,1056
06.07.2021 16:20:00,942
06.07.2021 16:25:00,1021
06.07.2021 16:30:00,1294
06.07.2021 16:35:00,1114
06.07.2021 16:40:00,1094
06.07.2021 16:45:00,903
06.07.2021 16:50:00,1062
06.07.2021 16:55:00,1024
06.07.2021 17:00:00,1045
06.07.2021 17:05:00,974
06.07.2021 17:10:00,903
06.07.2021 17:15:00,827
06.07.2021 17:20:00,838
06.07.2021 17:25:00,865
06.07.2021 17:30:00,1247
06.07.2021 17:35:00,1021
06.07.2021 17:40:00,832
06.07.2021 17:45:00,1048
06.07.2021 17:50:00,980
06.07.2021 17:55:00,974
06.07.2021 18:00:00,909
06.07.2021 18:05:00,922
06.07.2021 18:10:00,920
06.07.2021 18:15:00,906
06.07.2021 18:20:00,922
06.07.2021 18:25:00,933
06.07.2021 18:30:00,1179
06.07.2021 18:35:00,999
06.07.2021 18:40:00,942
06.07.2021 18:45:00,893
06.07.2021 18:50:00,852
06.07.2021 18:55:00,852
06.07.2021 19:00:00,860
06.07.2021 19:05:00,1021
06.07.2021 19:10:00,1073
06.07.2021 19:15:00,843
06.07.2021 19:20:00,745
06.07.2021 19:25:00,876
06.07.2021 19:30:00,1160
06.07.2021 19:35:00,881
06.07.2021 19:40:00,791
06.07.2021 19:45:00,742
06.07.2021 19:50:00,819
06.07.2021 19:55:00,832
06.07.2021 20:00:00,942
06.07.2021 20:05:00,983
06.07.2021 20:10:00,893
06.07.2021 20:15:00,985
06.07.2021 20:20:00,922
06.07.2021 20:25:00,1004
06.07.2021 20:30:00,1239
06.07.2021 20:35:00,1089
06.07.2021 20:40:00,958
06.07.2021 20:45:00,1010
06.07.2021 20:50:00,917
06.07.2021 20:55:00,991
06.07.2021 21:00:00,1119
06.07.2021 21:05:00,1018
06.07.2021 21:10:00,963
06.07.2021 21:15:00,947
06.07.2021 21:20:00,925
06.07.2021 21:25:00,999
06.07.2021 21:30:00,1032
06.07.2021 21:35:00,835
06.07.2021 21:40:00,933
06.07.2021 21:45:00,974
06.07.2021 21:50:00,974
06.07.2021 21:55:00,1040
06.07.2021 22:00:00,966
06.07.2021 22:05:00,1048
06.07.2021 22:10:00,993
06.07.2021 22:15:00,991
06.07.2021 22:20:00,920
06.07.2021 22:25:00,991
06.07.2021 22:30:00,1108
06.07.2021 22:35:00,985
06.07.2021 22:40:00,922
06.07.2021 22:45:00,909
06.07.2021 22:50:00,972
06.07.2021 22:55:00,969
06.07.2021 23:00:00,816
06.07.2021 23:05:00,849
06.07.2021 23:10:00,811
06.07.2021 23:15:00,993
06.07.2021 23:20:00,1108
06.07.2021 23:25:00,983
06.07.2021 23:30:00,1223
06.07.2021 23:35:00,950
06.07.2021 23:40:00,843
06.07.2021 23:45:00,1034
06.07.2021 23:50:00,999
06.07.2021 23:55:00,884
07.07.2021 00:00:00,840
07.07.2021 00:05:00,901
07.07.2021 00:10:00,1106
07.07.2021 00:15:00,1278
07.07.2021 00:20:00,958
07.07.2021 00:25:00,1116
07.07.2021 00:30:00,1302
07.07.2021 00:35:00,1187
07.07.2021 00:40:00,1319
07.07.2021 00:45:00,1056
07.07.2021 00:50:00,1141
07.07.2021 00:55:00,1056
07.07.2021 01:00:00,1018
07.07.2021 01:05:00,1026
07.07.2021 01:10:00,1040
07.07.2021 01:15:00,961
07.07.2021 01:20:00,846
07.07.2021 01:25:00,1018
07.07.2021 01:30:00,1217
07.07.2021 01:35:00,1070
07.07.2021 01:40:00,1116
07.07.2021 01:45:00,1092
07.07.2021 01:50:00,966
07.07.2021 01:55:00,922
07.07.2021 02:00:00,840
07.07.2021 02:05:00,961
07.07.2021 02:10:00,903
07.07.2021 02:15:00,942
07.07.2021 02:20:00,870
07.07.2021 02:25:00,925
07.07.2021 02:30:00,1357
07.07.2021 02:35:00,1007
07.07.2021 02:40:00,903
07.07.2021 02:45:00,802
07.07.2021 02:50:00,917
07.07.2021 02:55:00,860
07.07.2021 03:00:00,983
07.07.2021 03:05:00,893
07.07.2021 03:10:00,1001
07.07.2021 03:15:00,1237
07.07.2021 03:20:00,1007
07.07.2021 03:25:00,942
07.07.2021 03:30:00,1187
07.07.2021 03:35:00,952
07.07.2021 03:40:00,857
07.07.2021 03:45:00,911
07.07.2021 03:50:00,742
07.07.2021 03:55:00,955
07.07.2021 04:00:00,821
07.07.2021 04:05:00,1103
07.07.2021 04:10:00,974
07.07.2021 04:15:00,1051
07.07.2021 04:20:00,865
07.07.2021 04:25:00,862
07.07.2021 04:30:00,1234
07.07.2021 04:35:00,931
07.07.2021 04:40:00,901
07.07.2021 04:45:00,1029
07.07.2021 04:50:00,895
07.07.2021 04:55:00,772
07.07.2021 05:00:00,813
07.07.2021 05:05:00,1029
07.07.2021 05:10:00,794
07.07.2021 05:15:00,890
07.07.2021 05:20:00,783
07.07.2021 05:25:00,876
07.07.2021 05:30:00,1212
07.07.2021 05:35:00,1032
07.07.2021 05:40:00,958
07.07.2021 05:45:00,1056
07.07.2021 05:50:00,991
07.07.2021 05:55:00,1089
07.07.2021 06:00:00,958
07.07.2021 06:05:00,1007
07.07.2021 06:10:00,860
07.07.2021 06:15:00,786
07.07.2021 06:20:00,901
07.07.2021 06:25:00,939
07.07.2021 06:30:00,1042
07.07.2021 06:35:00,993
07.07.2021 06:40:00,1119
07.07.2021 06:45:00,1160
07.07.2021 06:50:00,1010
07.07.2021 06:55:00,1073
07.07.2021 07:00:00,1024
07.07.2021 07:05:00,991
07.07.2021 07:10:00,849
07.07.2021 07:15:00,860
07.07.2021 07:20:00,933
07.07.2021 07:25:00,909
07.07.2021 07:30:00,1212
07.07.2021 07:35:00,942
07.07.2021 07:40:00,811
07.07.2021 07:45:00,917
07.07.2021 07:50:00,1042
07.07.2021 07:55:00,991
07.07.2021 08:00:00,849
07.07.2021 08:05:00,1086
07.07.2021 08:10:00,917
07.07.2021 08:15:00,958
07.07.2021 08:20:00,893
07.07.2021 08:25:00,1034
07.07.2021 08:30:00,1409
07.07.2021 08:35:00,983
07.07.2021 08:40:00,901
07.07.2021 08:45:00,876
07.07.2021 08:50:00,983
07.07.2021 08:55:00,1007
07.07.2021 09:00:00,846
07.07.2021 09:05:00,761
07.07.2021 09:10:00,857
07.07.2021 09:15:00,881
07.07.2021 09:20:00,909
07.07.2021 09:25:00,852
07.07.2021 09:30:00,1310
07.07.2021 09:35:00,865
07.07.2021 09:40:00,808
07.07.2021 09:45:00,969
07.07.2021 09:50:00,977
07.07.2021 09:55:00,1042
07.07.2021 10:00:00,939
07.07.2021 10:05:00,903
07.07.2021 10:10:00,906
07.07.2021 10:15:00,895
07.07.2021 10:20:00,911
07.07.2021 10:25:00,873
07.07.2021 10:30:00,1103
07.07.2021 10:35:00,952
07.07.2021 10:40:00,947
07.07.2021 10:45:00,931
07.07.2021 10:50:00,936
07.07.2021 10:55:00,909
07.07.2021 11:00:00,860
07.07.2021 11:05:00,966
07.07.2021 11:10:00,983
07.07.2021 11:15:00,1015
07.07.2021 11:20:00,974
07.07.2021 11:25:00,1187
07.07.2021 11:30:00,1212
07.07.2021 11:35:00,893
07.07.2021 11:40:00,811
07.07.2021 11:45:00,925
07.07.2021 11:50:00,873
07.07.2021 11:55:00,920
07.07.2021 12:00:00,974
07.07.2021 12:05:00,862
07.07.2021 12:10:00,1045
07.07.2021 12:15:00,895
07.07.2021 12:20:00,808
07.07.2021 12:25:00,966
07.07.2021 12:30:00,1239
07.07.2021 12:35:00,942
07.07.2021 12:40:00,840
07.07.2021 12:45:00,977
07.07.2021 12:50:00,1040
07.07.2021 12:55:00,961
07.07.2021 13:00:00,808
07.07.2021 13:05:00,884
07.07.2021 13:10:00,999
07.07.2021 13:15:00,1007
07.07.2021 13:20:00,974
07.07.2021 13:25:00,1013
07.07.2021 13:30:00,1266
07.07.2021 13:35:00,966
07.07.2021 13:40:00,832
07.07.2021 13:45:00,942
07.07.2021 13:50:00,827
07.07.2021 13:55:00,761
07.07.2021 14:00:00,860
07.07.2021 14:05:00,1024
07.07.2021 14:10:00,1007
07.07.2021 14:15:00,1351
07.07.2021 14:20:00,1065
07.07.2021 14:25:00,827
07.07.2021 14:30:00,999
07.07.2021 14:35:00,843
07.07.2021 14:40:00,748
07.07.2021 14:45:00,952
07.07.2021 14:50:00,862
07.07.2021 14:55:00,873
07.07.2021 15:00:00,734
07.07.2021 15:05:00,911
07.07.2021 15:10:00,939
07.07.2021 15:15:00,933
07.07.2021 15:20:00,895
07.07.2021 15:25:00,857
07.07.2021 15:30:00,1174
07.07.2021 15:35:00,969
07.07.2021 15:40:00,898
07.07.2021 15:45:00,843
07.07.2021 15:50:00,988
07.07.2021 15:55:00,879
07.07.2021 16:00:00,857
07.07.2021 16:05:00,876
07.07.2021 16:10:00,1010
07.07.2021 16:15:00,1024
07.07.2021 16:20:00,944
07.07.2021 16:25:00,906
07.07.2021 16:30:00,1201
07.07.2021 16:35:00,1035
07.07.2021 16:40:00,1018
07.07.2021 16:45:00,999
07.07.2021 16:50:00,942
07.07.2021 16:55:00,991
07.07.2021 17:00:00,950
07.07.2021 17:05:00,983
07.07.2021 17:10:00,999
07.07.2021 17:15:00,1130
07.07.2021 17:20:00,1168
07.07.2021 17:25:00,977
07.07.2021 17:30:00,1450
07.07.2021 17:35:00,1070
07.07.2021 17:40:00,933
07.07.2021 17:45:00,865
07.07.2021 17:50:00,868
07.07.2021 17:55:00,939
07.07.2021 18:00:00,914
07.07.2021 18:05:00,1013
07.07.2021 18:10:00,1032
07.07.2021 18:15:00,1073
07.07.2021 18:20:00,1081
07.07.2021 18:25:00,1004
07.07.2021 18:30:00,1155
07.07.2021 18:35:00,920
07.07.2021 18:40:00,873
07.07.2021 18:45:00,829
07.07.2021 18:50:00,849
07.07.2021 18:55:00,879
07.07.2021 19:00:00,852
07.07.2021 19:05:00,991
07.07.2021 19:10:00,917
07.07.2021 19:15:00,893
07.07.2021 19:20:00,901
07.07.2021 19:25:00,909
07.07.2021 19:30:00,1319
07.07.2021 19:35:00,942
07.07.2021 19:40:00,868
07.07.2021 19:45:00,868
07.07.2021 19:50:00,933
07.07.2021 19:55:00,1065
07.07.2021 20:00:00,865
07.07.2021 20:05:00,901
07.07.2021 20:10:00,860
07.07.2021 20:15:00,862
07.07.2021 20:20:00,969
07.07.2021 20:25:00,1032
07.07.2021 20:30:00,1182
07.07.2021 20:35:00,977
07.07.2021 20:40:00,794
07.07.2021 20:45:00,840
07.07.2021 20:50:00,734
07.07.2021 20:55:00,808
07.07.2021 21:00:00,865
07.07.2021 21:05:00,947
07.07.2021 21:10:00,939
07.07.2021 21:15:00,950
07.07.2021 21:20:00,1029
07.07.2021 21:25:00,922
07.07.2021 21:30:00,1138
07.07.2021 21:35:00,906
07.07.2021 21:40:00,914
07.07.2021 21:45:00,942
07.07.2021 21:50:00,884
07.07.2021 21:55:00,950
07.07.2021 22:00:00,811
07.07.2021 22:05:00,835
07.07.2021 22:10:00,901
07.07.2021 22:15:00,1062
07.07.2021 22:20:00,974
07.07.2021 22:25:00,983
07.07.2021 22:30:00,1302
07.07.2021 22:35:00,1043
07.07.2021 22:40:00,988
07.07.2021 22:45:00,1155
07.07.2021 22:50:00,1190
07.07.2021 22:55:00,1051
07.07.2021 23:00:00,972
07.07.2021 23:05:00,1040
07.07.2021 23:10:00,1062
07.07.2021 23:15:00,1018
07.07.2021 23:20:00,988
07.07.2021 23:25:00,1108
07.07.2021 23:30:00,1321
07.07.2021 23:35:00,1092
07.07.2021 23:40:00,1190
07.07.2021 23:45:00,1053
07.07.2021 23:50:00,1053
07.07.2021 23:55:00,1094
08.07.2021 00:00:00,1062
08.07.2021 00:05:00,1138
08.07.2021 00:10:00,1245
08.07.2021 00:15:00,1275
08.07.2021 00:20:00,1302
08.07.2021 00:25:00,1122
08.07.2021 00:30:00,1433
08.07.2021 00:35:00,1146
08.07.2021 00:40:00,999
08.07.2021 00:45:00,1089
08.07.2021 00:50:00,958
08.07.2021 00:55:00,868
08.07.2021 01:00:00,868
08.07.2021 01:05:00,1065
08.07.2021 01:10:00,936
08.07.2021 01:15:00,862
08.07.2021 01:20:00,911
08.07.2021 01:25:00,917
08.07.2021 01:30:00,1157
08.07.2021 01:35:00,993
08.07.2021 01:40:00,942
08.07.2021 01:45:00,939
08.07.2021 01:50:00,852
08.07.2021 01:55:00,786
08.07.2021 02:00:00,895
08.07.2021 02:05:00,838
08.07.2021 02:10:00,917
08.07.2021 02:15:00,775
08.07.2021 02:20:00,920
08.07.2021 02:25:00,920
08.07.2021 02:30:00,1403
08.07.2021 02:35:00,983
08.07.2021 02:40:00,783
08.07.2021 02:45:00,895
08.07.2021 02:50:00,887
08.07.2021 02:55:00,909
08.07.2021 03:00:00,879
08.07.2021 03:05:00,901
08.07.2021 03:10:00,860
08.07.2021 03:15:00,843
08.07.2021 03:20:00,884
08.07.2021 03:25:00,925
08.07.2021 03:30:00,1187
08.07.2021 03:35:00,876
08.07.2021 03:40:00,917
08.07.2021 03:45:00,852
08.07.2021 03:50:00,843
08.07.2021 03:55:00,715
08.07.2021 04:00:00,840
08.07.2021 04:05:00,1078
08.07.2021 04:10:00,901
08.07.2021 04:15:00,890
08.07.2021 04:20:00,808
08.07.2021 04:25:00,933
08.07.2021 04:30:00,1395
08.07.2021 04:35:00,945
08.07.2021 04:40:00,840
08.07.2021 04:45:00,1010
08.07.2021 04:50:00,933
08.07.2021 04:55:00,898
08.07.2021 05:00:00,868
08.07.2021 05:05:00,988
08.07.2021 05:10:00,917
08.07.2021 05:15:00,852
08.07.2021 05:20:00,879
08.07.2021 05:25:00,974
08.07.2021 05:30:00,1149
08.07.2021 05:35:00,914
08.07.2021 05:40:00,780
08.07.2021 05:45:00,972
08.07.2021 05:50:00,1007
08.07.2021 05:55:00,901
08.07.2021 06:00:00,835
08.07.2021 06:05:00,906
08.07.2021 06:10:00,884
08.07.2021 06:15:00,854
08.07.2021 06:20:00,928
08.07.2021 06:25:00,911
08.07.2021 06:30:00,1286
08.07.2021 06:35:00,980
08.07.2021 06:40:00,857
08.07.2021 06:45:00,870
08.07.2021 06:50:00,821
08.07.2021 06:55:00,832
08.07.2021 07:00:00,876
08.07.2021 07:05:00,838
08.07.2021 07:10:00,881
08.07.2021 07:15:00,974
08.07.2021 07:20:00,1004
08.07.2021 07:25:00,961
08.07.2021 07:30:00,1275
08.07.2021 07:35:00,942
08.07.2021 07:40:00,917
08.07.2021 07:45:00,966
08.07.2021 07:50:00,950
08.07.2021 07:55:00,1106
08.07.2021 08:00:00,925
08.07.2021 08:05:00,1092
08.07.2021 08:10:00,999
08.07.2021 08:15:00,901
08.07.2021 08:20:00,961
08.07.2021 08:25:00,1021
08.07.2021 08:30:00,1294
08.07.2021 08:35:00,974
08.07.2021 08:40:00,868
08.07.2021 08:45:00,770
08.07.2021 08:50:00,811
08.07.2021 08:55:00,1048
08.07.2021 09:00:00,983
08.07.2021 09:05:00,860
08.07.2021 09:10:00,991
08.07.2021 09:15:00,901
08.07.2021 09:20:00,928
08.07.2021 09:25:00,939
08.07.2021 09:30:00,1075
08.07.2021 09:35:00,939
08.07.2021 09:40:00,933
08.07.2021 09:45:00,950
08.07.2021 09:50:00,811
08.07.2021 09:55:00,840
08.07.2021 10:00:00,901
08.07.2021 10:05:00,980
08.07.2021 10:10:00,1032
08.07.2021 10:15:00,917
08.07.2021 10:20:00,884
08.07.2021 10:25:00,928
08.07.2021 10:30:00,1204
08.07.2021 10:35:00,1015
08.07.2021 10:40:00,884
08.07.2021 10:45:00,893
08.07.2021 10:50:00,974
08.07.2021 10:55:00,1007
08.07.2021 11:00:00,901
08.07.2021 11:05:00,963
08.07.2021 11:10:00,950
08.07.2021 11:15:00,1029
08.07.2021 11:20:00,952
08.07.2021 11:25:00,879
08.07.2021 11:30:00,1242
08.07.2021 11:35:00,1073
08.07.2021 11:40:00,1062
08.07.2021 11:45:00,1026
08.07.2021 11:50:00,991
08.07.2021 11:55:00,906
08.07.2021 12:00:00,884
08.07.2021 12:05:00,920
08.07.2021 12:10:00,933
08.07.2021 12:15:00,988
08.07.2021 12:20:00,895
08.07.2021 12:25:00,931
08.07.2021 12:30:00,1272
08.07.2021 12:35:00,1075
08.07.2021 12:40:00,1034
08.07.2021 12:45:00,1059
08.07.2021 12:50:00,903
08.07.2021 12:55:00,843
08.07.2021 13:00:00,887
08.07.2021 13:05:00,917
08.07.2021 13:10:00,925
08.07.2021 13:15:00,991
08.07.2021 13:20:00,881
08.07.2021 13:25:00,1081
08.07.2021 13:30:00,1335
08.07.2021 13:35:00,1056
08.07.2021 13:40:00,933
08.07.2021 13:45:00,909
08.07.2021 13:50:00,1075
08.07.2021 13:55:00,955
08.07.2021 14:00:00,1070
08.07.2021 14:05:00,1042
08.07.2021 14:10:00,936
08.07.2021 14:15:00,857
08.07.2021 14:20:00,873
08.07.2021 14:25:00,993
08.07.2021 14:30:00,1310
08.07.2021 14:35:00,1013
08.07.2021 14:40:00,846
08.07.2021 14:45:00,936
08.07.2021 14:50:00,895
08.07.2021 14:55:00,879
08.07.2021 15:00:00,1002
08.07.2021 15:05:00,999
08.07.2021 15:10:00,947
08.07.2021 15:15:00,950
08.07.2021 15:20:00,901
08.07.2021 15:25:00,931
08.07.2021 15:30:00,1190
08.07.2021 15:35:00,1010
08.07.2021 15:40:00,912
08.07.2021 15:45:00,914
08.07.2021 15:50:00,901
08.07.2021 15:55:00,1024
08.07.2021 16:00:00,991
08.07.2021 16:05:00,1007
08.07.2021 16:10:00,1015
08.07.2021 16:15:00,947
08.07.2021 16:20:00,840
08.07.2021 16:25:00,1040
08.07.2021 16:30:00,1398
08.07.2021 16:35:00,1146
08.07.2021 16:40:00,917
08.07.2021 16:45:00,901
08.07.2021 16:50:00,819
08.07.2021 16:55:00,884
08.07.2021 17:00:00,958
08.07.2021 17:05:00,832
08.07.2021 17:10:00,901
08.07.2021 17:15:00,1111
08.07.2021 17:20:00,966
08.07.2021 17:25:00,1040
08.07.2021 17:30:00,1302
08.07.2021 17:35:00,1053
08.07.2021 17:40:00,1001
08.07.2021 17:45:00,1037
08.07.2021 17:50:00,881
08.07.2021 17:55:00,985
08.07.2021 18:00:00,999
08.07.2021 18:05:00,870
08.07.2021 18:10:00,991
08.07.2021 18:15:00,1010
08.07.2021 18:20:00,819
08.07.2021 18:25:00,843
08.07.2021 18:30:00,1127
08.07.2021 18:35:00,933
08.07.2021 18:40:00,876
08.07.2021 18:45:00,917
08.07.2021 18:50:00,852
08.07.2021 18:55:00,860
08.07.2021 19:00:00,925
08.07.2021 19:05:00,876
08.07.2021 19:10:00,846
08.07.2021 19:15:00,933
08.07.2021 19:20:00,857
08.07.2021 19:25:00,911
08.07.2021 19:30:00,1146
08.07.2021 19:35:00,1138
08.07.2021 19:40:00,944
08.07.2021 19:45:00,1037
08.07.2021 19:50:00,1081
08.07.2021 19:55:00,1042
08.07.2021 20:00:00,955
08.07.2021 20:05:00,944
08.07.2021 20:10:00,925
08.07.2021 20:15:00,1010
08.07.2021 20:20:00,969
08.07.2021 20:25:00,1010
08.07.2021 20:30:00,1247
08.07.2021 20:35:00,936
08.07.2021 20:40:00,843
08.07.2021 20:45:00,811
08.07.2021 20:50:00,780
08.07.2021 20:55:00,832
08.07.2021 21:00:00,829
08.07.2021 21:05:00,873
08.07.2021 21:10:00,884
08.07.2021 21:15:00,786
08.07.2021 21:20:00,802
08.07.2021 21:25:00,1048
08.07.2021 21:30:00,1114
08.07.2021 21:35:00,988
08.07.2021 21:40:00,854
08.07.2021 21:45:00,780
08.07.2021 21:50:00,931
08.07.2021 21:55:00,917
08.07.2021 22:00:00,933
08.07.2021 22:05:00,950
08.07.2021 22:10:00,909
08.07.2021 22:15:00,1015
08.07.2021 22:20:00,827
08.07.2021 22:25:00,999
08.07.2021 22:30:00,1310
08.07.2021 22:35:00,1097
08.07.2021 22:40:00,950
08.07.2021 22:45:00,909
08.07.2021 22:50:00,1037
08.07.2021 22:55:00,963
08.07.2021 23:00:00,961
08.07.2021 23:05:00,898
08.07.2021 23:10:00,911
08.07.2021 23:15:00,1040
08.07.2021 23:20:00,1021
08.07.2021 23:25:00,1051
08.07.2021 23:30:00,1073
08.07.2021 23:35:00,840
08.07.2021 23:40:00,849
08.07.2021 23:45:00,966
08.07.2021 23:50:00,835
08.07.2021 23:55:00,821
09.07.2021 00:00:00,788
09.07.2021 00:05:00,884
09.07.2021 00:10:00,876
09.07.2021 00:15:00,901
09.07.2021 00:20:00,1138
09.07.2021 00:25:00,901
09.07.2021 00:30:00,1204
09.07.2021 00:35:00,1040
09.07.2021 00:40:00,816
09.07.2021 00:45:00,904
09.07.2021 00:50:00,854
09.07.2021 00:55:00,780
09.07.2021 01:00:00,832
09.07.2021 01:05:00,797
09.07.2021 01:10:00,922
09.07.2021 01:15:00,1059
09.07.2021 01:20:00,955
09.07.2021 01:25:00,1045
09.07.2021 01:30:00,1144
09.07.2021 01:35:00,903
09.07.2021 01:40:00,887
09.07.2021 01:45:00,914
09.07.2021 01:50:00,854
09.07.2021 01:55:00,835
09.07.2021 02:00:00,756
09.07.2021 02:05:00,829
09.07.2021 02:10:00,890
09.07.2021 02:15:00,1045
09.07.2021 02:20:00,901
09.07.2021 02:25:00,827
09.07.2021 02:30:00,1141
09.07.2021 02:35:00,966
09.07.2021 02:40:00,786
09.07.2021 02:45:00,778
09.07.2021 02:50:00,778
09.07.2021 02:55:00,925
09.07.2021 03:00:00,966
09.07.2021 03:05:00,860
09.07.2021 03:10:00,884
09.07.2021 03:15:00,1053
09.07.2021 03:20:00,947
09.07.2021 03:25:00,876
09.07.2021 03:30:00,1007
09.07.2021 03:35:00,947
09.07.2021 03:40:00,808
09.07.2021 03:45:00,791
09.07.2021 03:50:00,920
09.07.2021 03:55:00,922
09.07.2021 04:00:00,884
09.07.2021 04:05:00,821
09.07.2021 04:10:00,832
09.07.2021 04:15:00,931
09.07.2021 04:20:00,884
09.07.2021 04:25:00,876
09.07.2021 04:30:00,1196
09.07.2021 04:35:00,873
09.07.2021 04:40:00,832
09.07.2021 04:45:00,881
09.07.2021 04:50:00,947
09.07.2021 04:55:00,884
09.07.2021 05:00:00,786
09.07.2021 05:05:00,761
09.07.2021 05:10:00,909
09.07.2021 05:15:00,893
09.07.2021 05:20:00,811
09.07.2021 05:25:00,819
09.07.2021 05:30:00,1278
09.07.2021 05:35:00,958
09.07.2021 05:40:00,876
09.07.2021 05:45:00,893
09.07.2021 05:50:00,974
09.07.2021 05:55:00,1024
09.07.2021 06:00:00,985
09.07.2021 06:05:00,947
09.07.2021 06:10:00,857
09.07.2021 06:15:00,901
09.07.2021 06:20:00,983
09.07.2021 06:25:00,876
09.07.2021 06:30:00,1291
09.07.2021 06:35:00,1081
09.07.2021 06:40:00,884
09.07.2021 06:45:00,816
09.07.2021 06:50:00,797
09.07.2021 06:55:00,972
09.07.2021 07:00:00,786
09.07.2021 07:05:00,931
09.07.2021 07:10:00,1018
09.07.2021 07:15:00,988
09.07.2021 07:20:00,925
09.07.2021 07:25:00,865
09.07.2021 07:30:00,1354
09.07.2021 07:35:00,969
09.07.2021 07:40:00,849
09.07.2021 07:45:00,920
09.07.2021 07:50:00,860
09.07.2021 07:55:00,1078
09.07.2021 08:00:00,901
09.07.2021 08:05:00,974
09.07.2021 08:10:00,835
09.07.2021 08:15:00,811
09.07.2021 08:20:00,909
09.07.2021 08:25:00,1048
09.07.2021 08:30:00,1335
09.07.2021 08:35:00,1133
09.07.2021 08:40:00,1021
09.07.2021 08:45:00,942
09.07.2021 08:50:00,936
09.07.2021 08:55:00,1081
09.07.2021 09:00:00,1157
09.07.2021 09:05:00,1010
09.07.2021 09:10:00,983
09.07.2021 09:15:00,942
09.07.2021 09:20:00,1081
09.07.2021 09:25:00,974
09.07.2021 09:30:00,1226
09.07.2021 09:35:00,1059
09.07.2021 09:40:00,1034
09.07.2021 09:45:00,906
09.07.2021 09:50:00,816
09.07.2021 09:55:00,996
09.07.2021 10:00:00,1075
09.07.2021 10:05:00,898
09.07.2021 10:10:00,939
09.07.2021 10:15:00,901
09.07.2021 10:20:00,925
09.07.2021 10:25:00,865
09.07.2021 10:30:00,1316
09.07.2021 10:35:00,985
09.07.2021 10:40:00,909
09.07.2021 10:45:00,1032
09.07.2021 10:50:00,947
09.07.2021 10:55:00,1062
09.07.2021 11:00:00,1073
09.07.2021 11:05:00,1056
09.07.2021 11:10:00,1015
09.07.2021 11:15:00,854
09.07.2021 11:20:00,909
09.07.2021 11:25:00,802
09.07.2021 11:30:00,1007
09.07.2021 11:35:00,958
09.07.2021 11:40:00,893
09.07.2021 11:45:00,868
09.07.2021 11:50:00,819
09.07.2021 11:55:00,802
09.07.2021 12:00:00,933
09.07.2021 12:05:00,852
09.07.2021 12:10:00,748
09.07.2021 12:15:00,933
09.07.2021 12:20:00,895
09.07.2021 12:25:00,890
09.07.2021 12:30:00,1237
09.07.2021 12:35:00,974
09.07.2021 12:40:00,911
09.07.2021 12:45:00,914
09.07.2021 12:50:00,1034
09.07.2021 12:55:00,966
09.07.2021 13:00:00,898
09.07.2021 13:05:00,917
09.07.2021 13:10:00,870
09.07.2021 13:15:00,901
09.07.2021 13:20:00,988
09.07.2021 13:25:00,933
09.07.2021 13:30:00,1174
09.07.2021 13:35:00,895
09.07.2021 13:40:00,933
09.07.2021 13:45:00,974
09.07.2021 13:50:00,873
09.07.2021 13:55:00,1070
09.07.2021 14:00:00,865
09.07.2021 14:05:00,925
09.07.2021 14:10:00,917
09.07.2021 14:15:00,906
09.07.2021 14:20:00,944
09.07.2021 14:25:00,931
09.07.2021 14:30:00,1111
09.07.2021 14:35:00,1078
09.07.2021 14:40:00,936
09.07.2021 14:45:00,961
09.07.2021 14:50:00,1053
09.07.2021 14:55:00,933
09.07.2021 15:00:00,813
09.07.2021 15:05:00,832
09.07.2021 15:10:00,887
09.07.2021 15:15:00,870
09.07.2021 15:20:00,857
09.07.2021 15:25:00,857
09.07.2021 15:30:00,1217
09.07.2021 15:35:00,1053
09.07.2021 15:40:00,808
09.07.2021 15:45:00,879
09.07.2021 15:50:00,876
09.07.2021 15:55:00,917
09.07.2021 16:00:00,950
09.07.2021 16:05:00,1024
09.07.2021 16:10:00,1024
09.07.2021 16:15:00,794
09.07.2021 16:20:00,974
09.07.2021 16:25:00,827
09.07.2021 16:30:00,999
09.07.2021 16:35:00,873
09.07.2021 16:40:00,903
09.07.2021 16:45:00,920
09.07.2021 16:50:00,1032
09.07.2021 16:55:00,972
09.07.2021 17:00:00,901
09.07.2021 17:05:00,901
09.07.2021 17:10:00,800
09.07.2021 17:15:00,952
09.07.2021 17:20:00,914
09.07.2021 17:25:00,824
09.07.2021 17:30:00,1185
09.07.2021 17:35:00,1155
09.07.2021 17:40:00,980
09.07.2021 17:45:00,824
09.07.2021 17:50:00,920
09.07.2021 17:55:00,906
09.07.2021 18:00:00,835
09.07.2021 18:05:00,1004
09.07.2021 18:10:00,942
09.07.2021 18:15:00,865
09.07.2021 18:20:00,942
09.07.2021 18:25:00,898
09.07.2021 18:30:00,1133
09.07.2021 18:35:00,991
09.07.2021 18:40:00,868
09.07.2021 18:45:00,983
09.07.2021 18:50:00,933
09.07.2021 18:55:00,1007
09.07.2021 19:00:00,1015
09.07.2021 19:05:00,901
09.07.2021 19:10:00,876
09.07.2021 19:15:00,786
09.07.2021 19:20:00,824
09.07.2021 19:25:00,832
09.07.2021 19:30:00,1187
09.07.2021 19:35:00,1075
09.07.2021 19:40:00,860
09.07.2021 19:45:00,884
09.07.2021 19:50:00,901
09.07.2021 19:55:00,906
09.07.2021 20:00:00,914
09.07.2021 20:05:00,977
09.07.2021 20:10:00,816
09.07.2021 20:15:00,879
09.07.2021 20:20:00,840
09.07.2021 20:25:00,1026
09.07.2021 20:30:00,1149
09.07.2021 20:35:00,909
09.07.2021 20:40:00,862
09.07.2021 20:45:00,906
09.07.2021 20:50:00,865
09.07.2021 20:55:00,1089
09.07.2021 21:00:00,1004
09.07.2021 21:05:00,1212
09.07.2021 21:10:00,1122
09.07.2021 21:15:00,999
09.07.2021 21:20:00,983
09.07.2021 21:25:00,1122
09.07.2021 21:30:00,1106
09.07.2021 21:35:00,1056
09.07.2021 21:40:00,876
09.07.2021 21:45:00,868
09.07.2021 21:50:00,917
09.07.2021 21:55:00,942
09.07.2021 22:00:00,933
09.07.2021 22:05:00,1116
09.07.2021 22:10:00,1089
09.07.2021 22:15:00,950
09.07.2021 22:20:00,963
09.07.2021 22:25:00,947
09.07.2021 22:30:00,1168
09.07.2021 22:35:00,1108
09.07.2021 22:40:00,893
09.07.2021 22:45:00,991
09.07.2021 22:50:00,1040
09.07.2021 22:55:00,1015
09.07.2021 23:00:00,963
09.07.2021 23:05:00,911
09.07.2021 23:10:00,909
09.07.2021 23:15:00,881
09.07.2021 23:20:00,838
09.07.2021 23:25:00,832
09.07.2021 23:30:00,1255
09.07.2021 23:35:00,1133
09.07.2021 23:40:00,824
09.07.2021 23:45:00,944
09.07.2021 23:50:00,974
09.07.2021 23:55:00,843
10.07.2021 00:00:00,865
10.07.2021 00:05:00,928
10.07.2021 00:10:00,1010
10.07.2021 00:15:00,1094
10.07.2021 00:20:00,870
10.07.2021 00:25:00,974
10.07.2021 00:30:00,1425
10.07.2021 00:35:00,920
10.07.2021 00:40:00,821
10.07.2021 00:45:00,729
10.07.2021 00:50:00,819
10.07.2021 00:55:00,917
10.07.2021 01:00:00,835
10.07.2021 01:05:00,917
10.07.2021 01:10:00,843
10.07.2021 01:15:00,903
10.07.2021 01:20:00,729
10.07.2021 01:25:00,901
10.07.2021 01:30:00,1171
10.07.2021 01:35:00,974
10.07.2021 01:40:00,852
10.07.2021 01:45:00,947
10.07.2021 01:50:00,876
10.07.2021 01:55:00,901
10.07.2021 02:00:00,865
10.07.2021 02:05:00,816
10.07.2021 02:10:00,903
10.07.2021 02:15:00,963
10.07.2021 02:20:00,966
10.07.2021 02:25:00,920
10.07.2021 02:30:00,1138
10.07.2021 02:35:00,1026
10.07.2021 02:40:00,920
10.07.2021 02:45:00,881
10.07.2021 02:50:00,988
10.07.2021 02:55:00,860
10.07.2021 03:00:00,829
10.07.2021 03:05:00,950
10.07.2021 03:10:00,857
10.07.2021 03:15:00,870
10.07.2021 03:20:00,794
10.07.2021 03:25:00,920
10.07.2021 03:30:00,1185
10.07.2021 03:35:00,1078
10.07.2021 03:40:00,870
10.07.2021 03:45:00,947
10.07.2021 03:50:00,827
10.07.2021 03:55:00,800
10.07.2021 04:00:00,824
10.07.2021 04:05:00,1092
10.07.2021 04:10:00,1100
10.07.2021 04:15:00,881
10.07.2021 04:20:00,895
10.07.2021 04:25:00,911
10.07.2021 04:30:00,1206
10.07.2021 04:35:00,1056
10.07.2021 04:40:00,870
10.07.2021 04:45:00,936
10.07.2021 04:50:00,805
10.07.2021 04:55:00,1056
10.07.2021 05:00:00,1018
10.07.2021 05:05:00,893
10.07.2021 05:10:00,909
10.07.2021 05:15:00,865
10.07.2021 05:20:00,767
10.07.2021 05:25:00,868
10.07.2021 05:30:00,1182
10.07.2021 05:35:00,1089
10.07.2021 05:40:00,852
10.07.2021 05:45:00,917
10.07.2021 05:50:00,950
10.07.2021 05:55:00,942
10.07.2021 06:00:00,802
10.07.2021 06:05:00,786
10.07.2021 06:10:00,696
10.07.2021 06:15:00,966
10.07.2021 06:20:00,794
10.07.2021 06:25:00,827
10.07.2021 06:30:00,1237
10.07.2021 06:35:00,1048
10.07.2021 06:40:00,917
10.07.2021 06:45:00,917
10.07.2021 06:50:00,876
10.07.2021 06:55:00,881
10.07.2021 07:00:00,983
10.07.2021 07:05:00,993
10.07.2021 07:10:00,876
10.07.2021 07:15:00,895
10.07.2021 07:20:00,963
10.07.2021 07:25:00,862
10.07.2021 07:30:00,1119
10.07.2021 07:35:00,1070
10.07.2021 07:40:00,881
10.07.2021 07:45:00,947
10.07.2021 07:50:00,893
10.07.2021 07:55:00,955
10.07.2021 08:00:00,917
10.07.2021 08:05:00,958
10.07.2021 08:10:00,1040
10.07.2021 08:15:00,827
10.07.2021 08:20:00,917
10.07.2021 08:25:00,933
10.07.2021 08:30:00,1149
10.07.2021 08:35:00,1056
10.07.2021 08:40:00,893
10.07.2021 08:45:00,1015
10.07.2021 08:50:00,876
10.07.2021 08:55:00,884
10.07.2021 09:00:00,884
10.07.2021 09:05:00,988
10.07.2021 09:10:00,1160
10.07.2021 09:15:00,1138
10.07.2021 09:20:00,1092
10.07.2021 09:25:00,961
10.07.2021 09:30:00,1212
10.07.2021 09:35:00,1045
10.07.2021 09:40:00,800
10.07.2021 09:45:00,972
10.07.2021 09:50:00,961
10.07.2021 09:55:00,1024
10.07.2021 10:00:00,996
10.07.2021 10:05:00,952
10.07.2021 10:10:00,947
10.07.2021 10:15:00,1024
10.07.2021 10:20:00,1010
10.07.2021 10:25:00,854
10.07.2021 10:30:00,1108
10.07.2021 10:35:00,1117
10.07.2021 10:40:00,917
10.07.2021 10:45:00,950
10.07.2021 10:50:00,868
10.07.2021 10:55:00,920
10.07.2021 11:00:00,843
10.07.2021 11:05:00,958
10.07.2021 11:10:00,852
10.07.2021 11:15:00,868
10.07.2021 11:20:00,901
10.07.2021 11:25:00,901
10.07.2021 11:30:00,1097
10.07.2021 11:35:00,1127
10.07.2021 11:40:00,952
10.07.2021 11:45:00,876
10.07.2021 11:50:00,805
10.07.2021 11:55:00,920
10.07.2021 12:00:00,884
10.07.2021 12:05:00,1097
10.07.2021 12:10:00,1032
10.07.2021 12:15:00,1032
10.07.2021 12:20:00,909
10.07.2021 12:25:00,1048
10.07.2021 12:30:00,1116
10.07.2021 12:35:00,1094
10.07.2021 12:40:00,895
10.07.2021 12:45:00,1092
10.07.2021 12:50:00,906
10.07.2021 12:55:00,994
10.07.2021 13:00:00,958
10.07.2021 13:05:00,1108
10.07.2021 13:10:00,974
10.07.2021 13:15:00,1032
10.07.2021 13:20:00,955
10.07.2021 13:25:00,893
10.07.2021 13:30:00,1081
10.07.2021 13:35:00,1024
10.07.2021 13:40:00,860
10.07.2021 13:45:00,1007
10.07.2021 13:50:00,933
10.07.2021 13:55:00,860
10.07.2021 14:00:00,925
10.07.2021 14:05:00,947
10.07.2021 14:10:00,1056
10.07.2021 14:15:00,1127
10.07.2021 14:20:00,1067
10.07.2021 14:25:00,944
10.07.2021 14:30:00,1215
10.07.2021 14:35:00,1193
10.07.2021 14:40:00,881
10.07.2021 14:45:00,901
10.07.2021 14:50:00,1034
10.07.2021 14:55:00,1116
10.07.2021 15:00:00,977
10.07.2021 15:05:00,972
10.07.2021 15:10:00,876
10.07.2021 15:15:00,925
10.07.2021 15:20:00,942
10.07.2021 15:25:00,1056
10.07.2021 15:30:00,1228
10.07.2021 15:35:00,1001
10.07.2021 15:40:00,868
10.07.2021 15:45:00,808
10.07.2021 15:50:00,849
10.07.2021 15:55:00,925
10.07.2021 16:00:00,1045
10.07.2021 16:05:00,991
10.07.2021 16:10:00,983
10.07.2021 16:15:00,860
10.07.2021 16:20:00,925
10.07.2021 16:25:00,950
10.07.2021 16:30:00,1220
10.07.2021 16:35:00,1007
10.07.2021 16:40:00,893
10.07.2021 16:45:00,843
10.07.2021 16:50:00,1081
10.07.2021 16:55:00,1149
10.07.2021 17:00:00,1010
10.07.2021 17:05:00,786
10.07.2021 17:10:00,920
10.07.2021 17:15:00,827
10.07.2021 17:20:00,939
10.07.2021 17:25:00,903
10.07.2021 17:30:00,1130
10.07.2021 17:35:00,1245
10.07.2021 17:40:00,860
10.07.2021 17:45:00,816
10.07.2021 17:50:00,783
10.07.2021 17:55:00,849
10.07.2021 18:00:00,1015
10.07.2021 18:05:00,1122
10.07.2021 18:10:00,980
10.07.2021 18:15:00,909
10.07.2021 18:20:00,775
10.07.2021 18:25:00,1013
10.07.2021 18:30:00,1130
10.07.2021 18:35:00,969
10.07.2021 18:40:00,849
10.07.2021 18:45:00,786
10.07.2021 18:50:00,958
10.07.2021 18:55:00,942
10.07.2021 19:00:00,933
10.07.2021 19:05:00,852
10.07.2021 19:10:00,917
10.07.2021 19:15:00,933
10.07.2021 19:20:00,835
10.07.2021 19:25:00,884
10.07.2021 19:30:00,1089
10.07.2021 19:35:00,1056
10.07.2021 19:40:00,1176
10.07.2021 19:45:00,1127
10.07.2021 19:50:00,1070
10.07.2021 19:55:00,1116
10.07.2021 20:00:00,1034
10.07.2021 20:05:00,1133
10.07.2021 20:10:00,1018
10.07.2021 20:15:00,963
10.07.2021 20:20:00,887
10.07.2021 20:25:00,925
10.07.2021 20:30:00,1138
10.07.2021 20:35:00,1138
10.07.2021 20:40:00,939
10.07.2021 20:45:00,729
10.07.2021 20:50:00,887
10.07.2021 20:55:00,920
10.07.2021 21:00:00,879
10.07.2021 21:05:00,852
10.07.2021 21:10:00,805
10.07.2021 21:15:00,1065
10.07.2021 21:20:00,1051
10.07.2021 21:25:00,1373
10.07.2021 21:30:00,1452
10.07.2021 21:35:00,1032
10.07.2021 21:40:00,811
10.07.2021 21:45:00,726
10.07.2021 21:50:00,800
10.07.2021 21:55:00,739
10.07.2021 22:00:00,832
10.07.2021 22:05:00,870
10.07.2021 22:10:00,1032
10.07.2021 22:15:00,925
10.07.2021 22:20:00,835
10.07.2021 22:25:00,901
10.07.2021 22:30:00,1163
10.07.2021 22:35:00,1106
10.07.2021 22:40:00,1048
10.07.2021 22:45:00,1089
10.07.2021 22:50:00,966
10.07.2021 22:55:00,893
10.07.2021 23:00:00,827
10.07.2021 23:05:00,988
10.07.2021 23:10:00,958
10.07.2021 23:15:00,961
10.07.2021 23:20:00,881
10.07.2021 23:25:00,920
10.07.2021 23:30:00,1092
10.07.2021 23:35:00,1097
10.07.2021 23:40:00,955
10.07.2021 23:45:00,914
10.07.2021 23:50:00,917
10.07.2021 23:55:00,983
11.07.2021 00:00:00,944
11.07.2021 00:05:00,1015
11.07.2021 00:10:00,870
11.07.2021 00:15:00,983
11.07.2021 00:20:00,1196
11.07.2021 00:25:00,1018
11.07.2021 00:30:00,1094
11.07.2021 00:35:00,1029
11.07.2021 00:40:00,767
11.07.2021 00:45:00,893
11.07.2021 00:50:00,980
11.07.2021 00:55:00,860
11.07.2021 01:00:00,901
11.07.2021 01:05:00,1048
11.07.2021 01:10:00,901
11.07.2021 01:15:00,958
11.07.2021 01:20:00,860
11.07.2021 01:25:00,966
11.07.2021 01:30:00,1122
11.07.2021 01:35:00,999
11.07.2021 01:40:00,819
11.07.2021 01:45:00,996
11.07.2021 01:50:00,931
11.07.2021 01:55:00,865
11.07.2021 02:00:00,764
11.07.2021 02:05:00,813
11.07.2021 02:10:00,870
11.07.2021 02:15:00,931
11.07.2021 02:20:00,893
11.07.2021 02:25:00,936
11.07.2021 02:30:00,1100
11.07.2021 02:35:00,911
11.07.2021 02:40:00,917
11.07.2021 02:45:00,1106
11.07.2021 02:50:00,999
11.07.2021 02:55:00,906
11.07.2021 03:00:00,933
11.07.2021 03:05:00,884
11.07.2021 03:10:00,761
11.07.2021 03:15:00,881
11.07.2021 03:20:00,843
11.07.2021 03:25:00,1013
11.07.2021 03:30:00,1040
11.07.2021 03:35:00,1024
11.07.2021 03:40:00,942
11.07.2021 03:45:00,884
11.07.2021 03:50:00,893
11.07.2021 03:55:00,1032
11.07.2021 04:00:00,983
11.07.2021 04:05:00,1106
11.07.2021 04:10:00,1048
11.07.2021 04:15:00,950
11.07.2021 04:20:00,933
11.07.2021 04:25:00,1032
11.07.2021 04:30:00,1111
11.07.2021 04:35:00,988
11.07.2021 04:40:00,873
11.07.2021 04:45:00,860
11.07.2021 04:50:00,961
11.07.2021 04:55:00,898
11.07.2021 05:00:00,969
11.07.2021 05:05:00,947
11.07.2021 05:10:00,865
11.07.2021 05:15:00,903
11.07.2021 05:20:00,865
11.07.2021 05:25:00,868
11.07.2021 05:30:00,1037
11.07.2021 05:35:00,947
11.07.2021 05:40:00,920
11.07.2021 05:45:00,881
11.07.2021 05:50:00,893
11.07.2021 05:55:00,893
11.07.2021 06:00:00,852
11.07.2021 06:05:00,865
11.07.2021 06:10:00,991
11.07.2021 06:15:00,819
11.07.2021 06:20:00,958
11.07.2021 06:25:00,893
11.07.2021 06:30:00,1078
11.07.2021 06:35:00,1073
11.07.2021 06:40:00,884
11.07.2021 06:45:00,852
11.07.2021 06:50:00,794
11.07.2021 06:55:00,950
11.07.2021 07:00:00,920
11.07.2021 07:05:00,928
11.07.2021 07:10:00,942
11.07.2021 07:15:00,1018
11.07.2021 07:20:00,994
11.07.2021 07:25:00,966
11.07.2021 07:30:00,1171
11.07.2021 07:35:00,1141
11.07.2021 07:40:00,988
11.07.2021 07:45:00,857
11.07.2021 07:50:00,876
11.07.2021 07:55:00,925
11.07.2021 08:00:00,893
11.07.2021 08:05:00,1056
11.07.2021 08:10:00,917
11.07.2021 08:15:00,868
11.07.2021 08:20:00,884
11.07.2021 08:25:00,1007
11.07.2021 08:30:00,1327
11.07.2021 08:35:00,1384
11.07.2021 08:40:00,936
11.07.2021 08:45:00,843
11.07.2021 08:50:00,895
11.07.2021 08:55:00,903
11.07.2021 09:00:00,893
11.07.2021 09:05:00,972
11.07.2021 09:10:00,901
11.07.2021 09:15:00,876
11.07.2021 09:20:00,991
11.07.2021 09:25:00,961
11.07.2021 09:30:00,1193
11.07.2021 09:35:00,1059
11.07.2021 09:40:00,887
11.07.2021 09:45:00,865
11.07.2021 09:50:00,914
11.07.2021 09:55:00,911
11.07.2021 10:00:00,832
11.07.2021 10:05:00,1056
11.07.2021 10:10:00,1119
11.07.2021 10:15:00,879
11.07.2021 10:20:00,843
11.07.2021 10:25:00,991
11.07.2021 10:30:00,1163
11.07.2021 10:35:00,1106
11.07.2021 10:40:00,778
11.07.2021 10:45:00,974
11.07.2021 10:50:00,936
11.07.2021 10:55:00,1196
11.07.2021 11:00:00,999
11.07.2021 11:05:00,893
11.07.2021 11:10:00,802
11.07.2021 11:15:00,813
11.07.2021 11:20:00,1026
11.07.2021 11:25:00,1106
11.07.2021 11:30:00,1062
11.07.2021 11:35:00,972
11.07.2021 11:40:00,788
11.07.2021 11:45:00,947
11.07.2021 11:50:00,931
11.07.2021 11:55:00,980
11.07.2021 12:00:00,832
11.07.2021 12:05:00,832
11.07.2021 12:10:00,895
11.07.2021 12:15:00,895
11.07.2021 12:20:00,974
11.07.2021 12:25:00,890
11.07.2021 12:30:00,1062
11.07.2021 12:35:00,1168
11.07.2021 12:40:00,983
11.07.2021 12:45:00,901
11.07.2021 12:50:00,862
11.07.2021 12:55:00,942
11.07.2021 13:00:00,852
11.07.2021 13:05:00,1114
11.07.2021 13:10:00,860
11.07.2021 13:15:00,917
11.07.2021 13:20:00,999
11.07.2021 13:25:00,868
11.07.2021 13:30:00,1029
11.07.2021 13:35:00,1146
11.07.2021 13:40:00,974
11.07.2021 13:45:00,843
11.07.2021 13:50:00,895
11.07.2021 13:55:00,868
11.07.2021 14:00:00,931
11.07.2021 14:05:00,917
11.07.2021 14:10:00,1042
11.07.2021 14:15:00,1051
11.07.2021 14:20:00,881
11.07.2021 14:25:00,942
11.07.2021 14:30:00,1081
11.07.2021 14:35:00,1081
11.07.2021 14:40:00,1004
11.07.2021 14:45:00,1010
11.07.2021 14:50:00,1042
11.07.2021 14:55:00,972
11.07.2021 15:00:00,879
11.07.2021 15:05:00,1144
11.07.2021 15:10:00,1157
11.07.2021 15:15:00,1212
11.07.2021 15:20:00,1059
11.07.2021 15:25:00,1084
11.07.2021 15:30:00,1313
11.07.2021 15:35:00,1114
11.07.2021 15:40:00,1042
11.07.2021 15:45:00,1013
11.07.2021 15:50:00,931
11.07.2021 15:55:00,942
11.07.2021 16:00:00,1029
11.07.2021 16:05:00,811
11.07.2021 16:10:00,985
11.07.2021 16:15:00,944
11.07.2021 16:20:00,906
11.07.2021 16:25:00,1042
11.07.2021 16:30:00,1168
11.07.2021 16:35:00,1081
11.07.2021 16:40:00,983
11.07.2021 16:45:00,876
11.07.2021 16:50:00,893
11.07.2021 16:55:00,999
11.07.2021 17:00:00,868
11.07.2021 17:05:00,933
11.07.2021 17:10:00,942
11.07.2021 17:15:00,827
11.07.2021 17:20:00,788
11.07.2021 17:25:00,838
11.07.2021 17:30:00,1106
11.07.2021 17:35:00,1163
11.07.2021 17:40:00,969
11.07.2021 17:45:00,1037
11.07.2021 17:50:00,961
11.07.2021 17:55:00,911
11.07.2021 18:00:00,1045
11.07.2021 18:05:00,955
11.07.2021 18:10:00,1021
11.07.2021 18:15:00,1163
11.07.2021 18:20:00,1062
11.07.2021 18:25:00,955
11.07.2021 18:30:00,1097
11.07.2021 18:35:00,1073
11.07.2021 18:40:00,914
11.07.2021 18:45:00,1015
11.07.2021 18:50:00,936
11.07.2021 18:55:00,906
11.07.2021 19:00:00,1021
11.07.2021 19:05:00,1086
11.07.2021 19:10:00,1097
11.07.2021 19:15:00,1024
11.07.2021 19:20:00,901
11.07.2021 19:25:00,1032
11.07.2021 19:30:00,1122
11.07.2021 19:35:00,1040
11.07.2021 19:40:00,860
11.07.2021 19:45:00,860
11.07.2021 19:50:00,893
11.07.2021 19:55:00,928
11.07.2021 20:00:00,1013
11.07.2021 20:05:00,1133
11.07.2021 20:10:00,925
11.07.2021 20:15:00,977
11.07.2021 20:20:00,911
11.07.2021 20:25:00,862
11.07.2021 20:30:00,1103
11.07.2021 20:35:00,1174
11.07.2021 20:40:00,909
11.07.2021 20:45:00,745
11.07.2021 20:50:00,808
11.07.2021 20:55:00,862
11.07.2021 21:00:00,939
11.07.2021 21:05:00,933
11.07.2021 21:10:00,854
11.07.2021 21:15:00,1024
11.07.2021 21:20:00,950
11.07.2021 21:25:00,966
11.07.2021 21:30:00,1048
11.07.2021 21:35:00,1122
11.07.2021 21:40:00,821
11.07.2021 21:45:00,936
11.07.2021 21:50:00,753
11.07.2021 21:55:00,999
11.07.2021 22:00:00,933
11.07.2021 22:05:00,1024
11.07.2021 22:10:00,843
11.07.2021 22:15:00,868
11.07.2021 22:20:00,1004
11.07.2021 22:25:00,1237
11.07.2021 22:30:00,1171
11.07.2021 22:35:00,1040
11.07.2021 22:40:00,922
11.07.2021 22:45:00,944
11.07.2021 22:50:00,961
11.07.2021 22:55:00,862
11.07.2021 23:00:00,854
11.07.2021 23:05:00,1042
11.07.2021 23:10:00,933
11.07.2021 23:15:00,996
11.07.2021 23:20:00,939
11.07.2021 23:25:00,985
11.07.2021 23:30:00,1040
11.07.2021 23:35:00,1106
11.07.2021 23:40:00,791
11.07.2021 23:45:00,873
11.07.2021 23:50:00,783
11.07.2021 23:55:00,786
12.07.2021 00:00:00,890
12.07.2021 00:05:00,865
12.07.2021 00:10:00,1037
12.07.2021 00:15:00,994
12.07.2021 00:20:00,870
12.07.2021 00:25:00,876
12.07.2021 00:30:00,950
12.07.2021 00:35:00,1056
12.07.2021 00:40:00,884
12.07.2021 00:45:00,993
12.07.2021 00:50:00,942
12.07.2021 00:55:00,876
12.07.2021 01:00:00,958
12.07.2021 01:05:00,942
12.07.2021 01:10:00,958
12.07.2021 01:15:00,860
12.07.2021 01:20:00,925
12.07.2021 01:25:00,903
12.07.2021 01:30:00,1078
12.07.2021 01:35:00,1198
12.07.2021 01:40:00,903
12.07.2021 01:45:00,1021
12.07.2021 01:50:00,972
12.07.2021 01:55:00,868
12.07.2021 02:00:00,808
12.07.2021 02:05:00,991
12.07.2021 02:10:00,947
12.07.2021 02:15:00,1010
12.07.2021 02:20:00,827
12.07.2021 02:25:00,843
12.07.2021 02:30:00,1070
12.07.2021 02:35:00,1152
12.07.2021 02:40:00,829
12.07.2021 02:45:00,824
12.07.2021 02:50:00,895
12.07.2021 02:55:00,909
12.07.2021 03:00:00,862
12.07.2021 03:05:00,1062
12.07.2021 03:10:00,1130
12.07.2021 03:15:00,1007
12.07.2021 03:20:00,909
12.07.2021 03:25:00,947
12.07.2021 03:30:00,1015
12.07.2021 03:35:00,1171
12.07.2021 03:40:00,860
12.07.2021 03:45:00,901
12.07.2021 03:50:00,950
12.07.2021 03:55:00,925
12.07.2021 04:00:00,893
12.07.2021 04:05:00,993
12.07.2021 04:10:00,1018
12.07.2021 04:15:00,917
12.07.2021 04:20:00,868
12.07.2021 04:25:00,829
12.07.2021 04:30:00,1138
12.07.2021 04:35:00,1051
12.07.2021 04:40:00,838
12.07.2021 04:45:00,1024
12.07.2021 04:50:00,1067
12.07.2021 04:55:00,1075
12.07.2021 05:00:00,865
12.07.2021 05:05:00,944
12.07.2021 05:10:00,977
12.07.2021 05:15:00,840
12.07.2021 05:20:00,805
12.07.2021 05:25:00,1048
12.07.2021 05:30:00,1092
12.07.2021 05:35:00,1053
12.07.2021 05:40:00,857
12.07.2021 05:45:00,879
12.07.2021 05:50:00,860
12.07.2021 05:55:00,843
12.07.2021 06:00:00,794
12.07.2021 06:05:00,901
12.07.2021 06:10:00,917
12.07.2021 06:15:00,811
12.07.2021 06:20:00,827
12.07.2021 06:25:00,1024
12.07.2021 06:30:00,1048
12.07.2021 06:35:00,1130
12.07.2021 06:40:00,903
12.07.2021 06:45:00,772
12.07.2021 06:50:00,840
12.07.2021 06:55:00,985
12.07.2021 07:00:00,917
12.07.2021 07:05:00,1056
12.07.2021 07:10:00,936
12.07.2021 07:15:00,917
12.07.2021 07:20:00,961
12.07.2021 07:25:00,819
12.07.2021 07:30:00,1146
12.07.2021 07:35:00,1034
12.07.2021 07:40:00,852
12.07.2021 07:45:00,952
12.07.2021 07:50:00,942
12.07.2021 07:55:00,931
12.07.2021 08:00:00,893
12.07.2021 08:05:00,1146
12.07.2021 08:10:00,933
12.07.2021 08:15:00,816
12.07.2021 08:20:00,901
12.07.2021 08:25:00,819
12.07.2021 08:30:00,1204
12.07.2021 08:35:00,1138
12.07.2021 08:40:00,958
12.07.2021 08:45:00,991
12.07.2021 08:50:00,819
12.07.2021 08:55:00,901
12.07.2021 09:00:00,860
12.07.2021 09:05:00,966
12.07.2021 09:10:00,983
12.07.2021 09:15:00,1212
12.07.2021 09:20:00,1127
12.07.2021 09:25:00,1040
12.07.2021 09:30:00,1231
12.07.2021 09:35:00,1217
12.07.2021 09:40:00,884
12.07.2021 09:45:00,857
12.07.2021 09:50:00,816
12.07.2021 09:55:00,920
12.07.2021 10:00:00,893
12.07.2021 10:05:00,1034
12.07.2021 10:10:00,977
12.07.2021 10:15:00,829
12.07.2021 10:20:00,857
12.07.2021 10:25:00,914
12.07.2021 10:30:00,1135
12.07.2021 10:35:00,1089
12.07.2021 10:40:00,835
12.07.2021 10:45:00,942
12.07.2021 10:50:00,1013
12.07.2021 10:55:00,909
12.07.2021 11:00:00,1089
12.07.2021 11:05:00,884
12.07.2021 11:10:00,1073
12.07.2021 11:15:00,966
12.07.2021 11:20:00,966
12.07.2021 11:25:00,1048
12.07.2021 11:30:00,983
12.07.2021 11:35:00,1138
12.07.2021 11:40:00,852
12.07.2021 11:45:00,909
12.07.2021 11:50:00,824
12.07.2021 11:55:00,985
12.07.2021 12:00:00,1032
12.07.2021 12:05:00,977
12.07.2021 12:10:00,955
12.07.2021 12:15:00,914
12.07.2021 12:20:00,999
12.07.2021 12:25:00,1212
12.07.2021 12:30:00,1253
12.07.2021 12:35:00,1133
12.07.2021 12:40:00,1092
12.07.2021 12:45:00,1141
12.07.2021 12:50:00,1013
12.07.2021 12:55:00,1021
12.07.2021 13:00:00,1034
12.07.2021 13:05:00,1048
12.07.2021 13:10:00,865
12.07.2021 13:15:00,1062
12.07.2021 13:20:00,958
12.07.2021 13:25:00,835
12.07.2021 13:30:00,1245
12.07.2021 13:35:00,1163
12.07.2021 13:40:00,884
12.07.2021 13:45:00,811
12.07.2021 13:50:00,917
12.07.2021 13:55:00,999
12.07.2021 14:00:00,1122
12.07.2021 14:05:00,974
12.07.2021 14:10:00,917
12.07.2021 14:15:00,917
12.07.2021 14:20:00,966
12.07.2021 14:25:00,1035
12.07.2021 14:30:00,1024
12.07.2021 14:35:00,1305
12.07.2021 14:40:00,980
12.07.2021 14:45:00,1007
12.07.2021 14:50:00,906
12.07.2021 14:55:00,780
12.07.2021 15:00:00,832
12.07.2021 15:05:00,958
12.07.2021 15:10:00,1007
12.07.2021 15:15:00,993
12.07.2021 15:20:00,922
12.07.2021 15:25:00,1004
12.07.2021 15:30:00,1127
12.07.2021 15:35:00,1040
12.07.2021 15:40:00,780
12.07.2021 15:45:00,925
12.07.2021 15:50:00,887
12.07.2021 15:55:00,791
12.07.2021 16:00:00,680
12.07.2021 16:05:00,977
12.07.2021 16:10:00,829
12.07.2021 16:15:00,860
12.07.2021 16:20:00,868
12.07.2021 16:25:00,893
12.07.2021 16:30:00,1032
12.07.2021 16:35:00,1196
12.07.2021 16:40:00,950
12.07.2021 16:45:00,909
12.07.2021 16:50:00,1081
12.07.2021 16:55:00,1122
12.07.2021 17:00:00,1007
12.07.2021 17:05:00,890
12.07.2021 17:10:00,1013
12.07.2021 17:15:00,1015
12.07.2021 17:20:00,1073
12.07.2021 17:25:00,1122
12.07.2021 17:30:00,1174
12.07.2021 17:35:00,1157
12.07.2021 17:40:00,1001
12.07.2021 17:45:00,1018
12.07.2021 17:50:00,947
12.07.2021 17:55:00,999
12.07.2021 18:00:00,865
12.07.2021 18:05:00,832
12.07.2021 18:10:00,813
12.07.2021 18:15:00,942
12.07.2021 18:20:00,780
12.07.2021 18:25:00,835
12.07.2021 18:30:00,991
12.07.2021 18:35:00,1010
12.07.2021 18:40:00,876
12.07.2021 18:45:00,827
12.07.2021 18:50:00,843
12.07.2021 18:55:00,729
12.07.2021 19:00:00,933
12.07.2021 19:05:00,876
12.07.2021 19:10:00,942
12.07.2021 19:15:00,966
12.07.2021 19:20:00,1040
12.07.2021 19:25:00,1138
12.07.2021 19:30:00,1245
12.07.2021 19:35:00,1171
12.07.2021 19:40:00,909
12.07.2021 19:45:00,969
12.07.2021 19:50:00,852
12.07.2021 19:55:00,829
12.07.2021 20:00:00,797
12.07.2021 20:05:00,936
12.07.2021 20:10:00,829
12.07.2021 20:15:00,1130
12.07.2021 20:20:00,936
12.07.2021 20:25:00,958
12.07.2021 20:30:00,1067
12.07.2021 20:35:00,1138
12.07.2021 20:40:00,917
12.07.2021 20:45:00,901
12.07.2021 20:50:00,868
12.07.2021 20:55:00,1062
12.07.2021 21:00:00,1026
12.07.2021 21:05:00,1223
12.07.2021 21:10:00,996
12.07.2021 21:15:00,931
12.07.2021 21:20:00,860
12.07.2021 21:25:00,794
12.07.2021 21:30:00,1204
12.07.2021 21:35:00,1138
12.07.2021 21:40:00,909
12.07.2021 21:45:00,876
12.07.2021 21:50:00,786
12.07.2021 21:55:00,811
12.07.2021 22:00:00,893
12.07.2021 22:05:00,843
12.07.2021 22:10:00,884
12.07.2021 22:15:00,756
12.07.2021 22:20:00,1004
12.07.2021 22:25:00,980
12.07.2021 22:30:00,1042
12.07.2021 22:35:00,1193
12.07.2021 22:40:00,917
12.07.2021 22:45:00,1097
12.07.2021 22:50:00,966
12.07.2021 22:55:00,1029
12.07.2021 23:00:00,914
12.07.2021 23:05:00,917
12.07.2021 23:10:00,1004
12.07.2021 23:15:00,1070
12.07.2021 23:20:00,950
12.07.2021 23:25:00,1021
12.07.2021 23:30:00,1122
12.07.2021 23:35:00,1193
12.07.2021 23:40:00,966
12.07.2021 23:45:00,838
12.07.2021 23:50:00,928
12.07.2021 23:55:00,933
13.07.2021 00:00:00,849
13.07.2021 00:05:00,775
13.07.2021 00:10:00,1220
13.07.2021 00:15:00,2269
13.07.2021 00:20:00,2457
13.07.2021 00:25:00,2383
13.07.2021 00:30:00,1941
13.07.2021 00:35:00,1384
13.07.2021 00:40:00,991
13.07.2021 00:45:00,838
13.07.2021 00:50:00,865
13.07.2021 00:55:00,1070
13.07.2021 01:00:00,911
13.07.2021 01:05:00,991
13.07.2021 01:10:00,909
13.07.2021 01:15:00,1004
13.07.2021 01:20:00,1073
13.07.2021 01:25:00,876
13.07.2021 01:30:00,993
13.07.2021 01:35:00,1193
13.07.2021 01:40:00,898
13.07.2021 01:45:00,1024
13.07.2021 01:50:00,991
13.07.2021 01:55:00,838
13.07.2021 02:00:00,843
13.07.2021 02:05:00,1024
13.07.2021 02:10:00,840
13.07.2021 02:15:00,895
13.07.2021 02:20:00,890
13.07.2021 02:25:00,1001
13.07.2021 02:30:00,1024
13.07.2021 02:35:00,1065
13.07.2021 02:40:00,843
13.07.2021 02:45:00,958
13.07.2021 02:50:00,925
13.07.2021 02:55:00,868
13.07.2021 03:00:00,917
13.07.2021 03:05:00,1048
13.07.2021 03:10:00,893
13.07.2021 03:15:00,1015
13.07.2021 03:20:00,909
13.07.2021 03:25:00,909
13.07.2021 03:30:00,1212
13.07.2021 03:35:00,1124
13.07.2021 03:40:00,961
13.07.2021 03:45:00,854
13.07.2021 03:50:00,709
13.07.2021 03:55:00,911
13.07.2021 04:00:00,944
13.07.2021 04:05:00,1206
13.07.2021 04:10:00,1119
13.07.2021 04:15:00,1073
13.07.2021 04:20:00,1026
13.07.2021 04:25:00,870
13.07.2021 04:30:00,963
13.07.2021 04:35:00,1122
13.07.2021 04:40:00,961
13.07.2021 04:45:00,879
13.07.2021 04:50:00,838
13.07.2021 04:55:00,860
13.07.2021 05:00:00,939
13.07.2021 05:05:00,870
13.07.2021 05:10:00,928
13.07.2021 05:15:00,846
13.07.2021 05:20:00,879
13.07.2021 05:25:00,983
13.07.2021 05:30:00,1078
13.07.2021 05:35:00,1253
13.07.2021 05:40:00,835
13.07.2021 05:45:00,819
13.07.2021 05:50:00,852
13.07.2021 05:55:00,843
13.07.2021 06:00:00,852
13.07.2021 06:05:00,958
13.07.2021 06:10:00,958
13.07.2021 06:15:00,860
13.07.2021 06:20:00,802
13.07.2021 06:25:00,895
13.07.2021 06:30:00,961
13.07.2021 06:35:00,1182
13.07.2021 06:40:00,813
13.07.2021 06:45:00,963
13.07.2021 06:50:00,955
13.07.2021 06:55:00,966
13.07.2021 07:00:00,955
13.07.2021 07:05:00,887
13.07.2021 07:10:00,942
13.07.2021 07:15:00,846
13.07.2021 07:20:00,1070
13.07.2021 07:25:00,961
13.07.2021 07:30:00,1122
13.07.2021 07:35:00,1133
13.07.2021 07:40:00,879
13.07.2021 07:45:00,931
13.07.2021 07:50:00,917
13.07.2021 07:55:00,868
13.07.2021 08:00:00,780
13.07.2021 08:05:00,961
13.07.2021 08:10:00,977
13.07.2021 08:15:00,1037
13.07.2021 08:20:00,1043
13.07.2021 08:25:00,852
13.07.2021 08:30:00,1171
13.07.2021 08:35:00,1187
13.07.2021 08:40:00,1089
13.07.2021 08:45:00,958
13.07.2021 08:50:00,1024
13.07.2021 08:55:00,1130
13.07.2021 09:00:00,917
13.07.2021 09:05:00,1065
13.07.2021 09:10:00,1149
13.07.2021 09:15:00,993
13.07.2021 09:20:00,829
13.07.2021 09:25:00,993
13.07.2021 09:30:00,1163
13.07.2021 09:35:00,1294
13.07.2021 09:40:00,1026
13.07.2021 09:45:00,933
13.07.2021 09:50:00,1001
13.07.2021 09:55:00,1059
13.07.2021 10:00:00,925
13.07.2021 10:05:00,955
13.07.2021 10:10:00,827
13.07.2021 10:15:00,840
13.07.2021 10:20:00,813
13.07.2021 10:25:00,909
13.07.2021 10:30:00,829
13.07.2021 10:35:00,1053
13.07.2021 10:40:00,909
13.07.2021 10:45:00,835
13.07.2021 10:50:00,821
13.07.2021 10:55:00,791
13.07.2021 11:00:00,819
13.07.2021 11:05:00,893
13.07.2021 11:10:00,893
13.07.2021 11:15:00,1056
13.07.2021 11:20:00,974
13.07.2021 11:25:00,917
13.07.2021 11:30:00,1081
13.07.2021 11:35:00,1155
13.07.2021 11:40:00,802
13.07.2021 11:45:00,860
13.07.2021 11:50:00,920
13.07.2021 11:55:00,969
13.07.2021 12:00:00,920
13.07.2021 12:05:00,906
13.07.2021 12:10:00,1004
13.07.2021 12:15:00,1089
13.07.2021 12:20:00,947
13.07.2021 12:25:00,939
13.07.2021 12:30:00,1059
13.07.2021 12:35:00,1086
13.07.2021 12:40:00,893
13.07.2021 12:45:00,893
13.07.2021 12:50:00,942
13.07.2021 12:55:00,928
13.07.2021 13:00:00,843
13.07.2021 13:05:00,1108
13.07.2021 13:10:00,1075
13.07.2021 13:15:00,952
13.07.2021 13:20:00,1062
13.07.2021 13:25:00,1111
13.07.2021 13:30:00,1026
13.07.2021 13:35:00,1368
13.07.2021 13:40:00,1130
13.07.2021 13:45:00,966
13.07.2021 13:50:00,942
13.07.2021 13:55:00,1056
13.07.2021 14:00:00,1048
13.07.2021 14:05:00,1089
13.07.2021 14:10:00,827
13.07.2021 14:15:00,884
13.07.2021 14:20:00,974
13.07.2021 14:25:00,936
13.07.2021 14:30:00,953
13.07.2021 14:35:00,1083
13.07.2021 14:40:00,914
13.07.2021 14:45:00,903
13.07.2021 14:50:00,993
13.07.2021 14:55:00,955
13.07.2021 15:00:00,917
13.07.2021 15:05:00,944
13.07.2021 15:10:00,1157
13.07.2021 15:15:00,1021
13.07.2021 15:20:00,1062
13.07.2021 15:25:00,1081
13.07.2021 15:30:00,925
13.07.2021 15:35:00,1100
13.07.2021 15:40:00,865
13.07.2021 15:45:00,835
13.07.2021 15:50:00,909
13.07.2021 15:55:00,963
13.07.2021 16:00:00,893
13.07.2021 16:05:00,1097
13.07.2021 16:10:00,1042
13.07.2021 16:15:00,966
13.07.2021 16:20:00,914
13.07.2021 16:25:00,969
13.07.2021 16:30:00,1179
13.07.2021 16:35:00,1212
13.07.2021 16:40:00,909
13.07.2021 16:45:00,901
13.07.2021 16:50:00,950
13.07.2021 16:55:00,881
13.07.2021 17:00:00,824
13.07.2021 17:05:00,1092
13.07.2021 17:10:00,911
13.07.2021 17:15:00,903
13.07.2021 17:20:00,852
13.07.2021 17:25:00,838
13.07.2021 17:30:00,873
13.07.2021 17:35:00,1116
13.07.2021 17:40:00,1034
13.07.2021 17:45:00,914
13.07.2021 17:50:00,881
13.07.2021 17:55:00,1056
13.07.2021 18:00:00,1024
13.07.2021 18:05:00,843
13.07.2021 18:10:00,857
13.07.2021 18:15:00,931
13.07.2021 18:20:00,958
13.07.2021 18:25:00,1141
13.07.2021 18:30:00,1081
13.07.2021 18:35:00,1234
13.07.2021 18:40:00,966
13.07.2021 18:45:00,1056
13.07.2021 18:50:00,983
13.07.2021 18:55:00,1032
13.07.2021 19:00:00,933
13.07.2021 19:05:00,958
13.07.2021 19:10:00,909
13.07.2021 19:15:00,868
13.07.2021 19:20:00,827
13.07.2021 19:25:00,942
13.07.2021 19:30:00,1029
13.07.2021 19:35:00,1226
13.07.2021 19:40:00,993
13.07.2021 19:45:00,963
13.07.2021 19:50:00,1133
13.07.2021 19:55:00,1010
13.07.2021 20:00:00,969
13.07.2021 20:05:00,966
13.07.2021 20:10:00,931
13.07.2021 20:15:00,876
13.07.2021 20:20:00,931
13.07.2021 20:25:00,931
13.07.2021 20:30:00,1122
13.07.2021 20:35:00,1376
13.07.2021 20:40:00,1010
13.07.2021 20:45:00,881
13.07.2021 20:50:00,933
13.07.2021 20:55:00,1042
13.07.2021 21:00:00,958
13.07.2021 21:05:00,950
13.07.2021 21:10:00,1007
13.07.2021 21:15:00,852
13.07.2021 21:20:00,876
13.07.2021 21:25:00,1007
13.07.2021 21:30:00,950
13.07.2021 21:35:00,1179
13.07.2021 21:40:00,999
13.07.2021 21:45:00,843
13.07.2021 21:50:00,745
13.07.2021 21:55:00,925
13.07.2021 22:00:00,876
13.07.2021 22:05:00,917
13.07.2021 22:10:00,996
13.07.2021 22:15:00,994
13.07.2021 22:20:00,922
13.07.2021 22:25:00,857
13.07.2021 22:30:00,1065
13.07.2021 22:35:00,1187
13.07.2021 22:40:00,849
13.07.2021 22:45:00,950
13.07.2021 22:50:00,963
13.07.2021 22:55:00,966
13.07.2021 23:00:00,958
13.07.2021 23:05:00,939
13.07.2021 23:10:00,947
13.07.2021 23:15:00,914
13.07.2021 23:20:00,893
13.07.2021 23:25:00,879
13.07.2021 23:30:00,947
13.07.2021 23:35:00,1083
13.07.2021 23:40:00,870
13.07.2021 23:45:00,893
13.07.2021 23:50:00,835
13.07.2021 23:55:00,1081
14.07.2021 00:00:00,1024
14.07.2021 00:05:00,974
14.07.2021 00:10:00,933
14.07.2021 00:15:00,835
14.07.2021 00:20:00,1220
14.07.2021 00:25:00,901
14.07.2021 00:30:00,876
14.07.2021 00:35:00,1108
14.07.2021 00:40:00,903
14.07.2021 00:45:00,832
14.07.2021 00:50:00,840
14.07.2021 00:55:00,993
14.07.2021 01:00:00,969
14.07.2021 01:05:00,1076
14.07.2021 01:10:00,895
14.07.2021 01:15:00,963
14.07.2021 01:20:00,958
14.07.2021 01:25:00,945
14.07.2021 01:30:00,1032
14.07.2021 01:35:00,1182
14.07.2021 01:40:00,893
14.07.2021 01:45:00,884
14.07.2021 01:50:00,824
14.07.2021 01:55:00,800
14.07.2021 02:00:00,778
14.07.2021 02:05:00,1032
14.07.2021 02:10:00,846
14.07.2021 02:15:00,988
14.07.2021 02:20:00,819
14.07.2021 02:25:00,974
14.07.2021 02:30:00,901
14.07.2021 02:35:00,1171
14.07.2021 02:40:00,868
14.07.2021 02:45:00,958
14.07.2021 02:50:00,884
14.07.2021 02:55:00,893
14.07.2021 03:00:00,909
14.07.2021 03:05:00,917
14.07.2021 03:10:00,832
14.07.2021 03:15:00,983
14.07.2021 03:20:00,827
14.07.2021 03:25:00,829
14.07.2021 03:30:00,945
14.07.2021 03:35:00,1053
14.07.2021 03:40:00,1010
14.07.2021 03:45:00,961
14.07.2021 03:50:00,980
14.07.2021 03:55:00,854
14.07.2021 04:00:00,819
14.07.2021 04:05:00,985
14.07.2021 04:10:00,939
14.07.2021 04:15:00,936
14.07.2021 04:20:00,887
14.07.2021 04:25:00,1037
14.07.2021 04:30:00,1103
14.07.2021 04:35:00,1201
14.07.2021 04:40:00,936
14.07.2021 04:45:00,933
14.07.2021 04:50:00,1010
14.07.2021 04:55:00,1051
14.07.2021 05:00:00,794
14.07.2021 05:05:00,933
14.07.2021 05:10:00,860
14.07.2021 05:15:00,868
14.07.2021 05:20:00,811
14.07.2021 05:25:00,942
14.07.2021 05:30:00,974
14.07.2021 05:35:00,1196
14.07.2021 05:40:00,1015
14.07.2021 05:45:00,999
14.07.2021 05:50:00,996
14.07.2021 05:55:00,1070
14.07.2021 06:00:00,961
14.07.2021 06:05:00,952
14.07.2021 06:10:00,827
14.07.2021 06:15:00,958
14.07.2021 06:20:00,901
14.07.2021 06:25:00,857
14.07.2021 06:30:00,914
14.07.2021 06:35:00,1272
14.07.2021 06:40:00,996
14.07.2021 06:45:00,974
14.07.2021 06:50:00,895
14.07.2021 06:55:00,955
14.07.2021 07:00:00,1015
14.07.2021 07:05:00,991
14.07.2021 07:10:00,985
14.07.2021 07:15:00,852
14.07.2021 07:20:00,914
14.07.2021 07:25:00,1040
14.07.2021 07:30:00,1053
14.07.2021 07:35:00,1307
14.07.2021 07:40:00,942
14.07.2021 07:45:00,827
14.07.2021 07:50:00,843
14.07.2021 07:55:00,876
14.07.2021 08:00:00,901
14.07.2021 08:05:00,1122
14.07.2021 08:10:00,1065
14.07.2021 08:15:00,950
14.07.2021 08:20:00,950
14.07.2021 08:25:00,917
14.07.2021 08:30:00,1042
14.07.2021 08:35:00,1288
14.07.2021 08:40:00,977
14.07.2021 08:45:00,914
14.07.2021 08:50:00,988
14.07.2021 08:55:00,963
14.07.2021 09:00:00,797
14.07.2021 09:05:00,933
14.07.2021 09:10:00,991
14.07.2021 09:15:00,963
14.07.2021 09:20:00,983
14.07.2021 09:25:00,879
14.07.2021 09:30:00,944
14.07.2021 09:35:00,1163
14.07.2021 09:40:00,996
14.07.2021 09:45:00,1086
14.07.2021 09:50:00,920
14.07.2021 09:55:00,952
14.07.2021 10:00:00,838
14.07.2021 10:05:00,950
14.07.2021 10:10:00,887
14.07.2021 10:15:00,1065
14.07.2021 10:20:00,991
14.07.2021 10:25:00,942
14.07.2021 10:30:00,963
14.07.2021 10:35:00,1286
14.07.2021 10:40:00,1089
14.07.2021 10:45:00,1040
14.07.2021 10:50:00,1130
14.07.2021 10:55:00,958
14.07.2021 11:00:00,931
14.07.2021 11:05:00,901
14.07.2021 11:10:00,895
14.07.2021 11:15:00,955
14.07.2021 11:20:00,961
14.07.2021 11:25:00,931
14.07.2021 11:30:00,939
14.07.2021 11:35:00,1299
14.07.2021 11:40:00,972
14.07.2021 11:45:00,1056
14.07.2021 11:50:00,1111
14.07.2021 11:55:00,958
14.07.2021 12:00:00,887
14.07.2021 12:05:00,914
14.07.2021 12:10:00,819
14.07.2021 12:15:00,952
14.07.2021 12:20:00,895
14.07.2021 12:25:00,928
14.07.2021 12:30:00,1037
14.07.2021 12:35:00,1307
14.07.2021 12:40:00,983
14.07.2021 12:45:00,1032
14.07.2021 12:50:00,868
14.07.2021 12:55:00,991
14.07.2021 13:00:00,925
14.07.2021 13:05:00,1048
14.07.2021 13:10:00,860
14.07.2021 13:15:00,835
14.07.2021 13:20:00,950
14.07.2021 13:25:00,933
14.07.2021 13:30:00,890
14.07.2021 13:35:00,1217
14.07.2021 13:40:00,906
14.07.2021 13:45:00,1021
14.07.2021 13:50:00,961
14.07.2021 13:55:00,942
14.07.2021 14:00:00,988
14.07.2021 14:05:00,903
14.07.2021 14:10:00,963
14.07.2021 14:15:00,854
14.07.2021 14:20:00,890
14.07.2021 14:25:00,1053
14.07.2021 14:30:00,911
14.07.2021 14:35:00,1324
14.07.2021 14:40:00,1130
14.07.2021 14:45:00,996
14.07.2021 14:50:00,1024
14.07.2021 14:55:00,925
14.07.2021 15:00:00,942
14.07.2021 15:05:00,1062
14.07.2021 15:10:00,1034
14.07.2021 15:15:00,999
14.07.2021 15:20:00,925
14.07.2021 15:25:00,942
14.07.2021 15:30:00,928
14.07.2021 15:35:00,1228
14.07.2021 15:40:00,925
14.07.2021 15:45:00,852
14.07.2021 15:50:00,974
14.07.2021 15:55:00,925
14.07.2021 16:00:00,868
14.07.2021 16:05:00,942
14.07.2021 16:10:00,868
14.07.2021 16:15:00,840
14.07.2021 16:20:00,870
14.07.2021 16:25:00,1062
14.07.2021 16:30:00,1021
14.07.2021 16:35:00,1127
14.07.2021 16:40:00,890
14.07.2021 16:45:00,794
14.07.2021 16:50:00,808
14.07.2021 16:55:00,1007
14.07.2021 17:00:00,969
14.07.2021 17:05:00,983
14.07.2021 17:10:00,999
14.07.2021 17:15:00,1037
14.07.2021 17:20:00,939
14.07.2021 17:25:00,909
14.07.2021 17:30:00,1029
14.07.2021 17:35:00,1185
14.07.2021 17:40:00,961
14.07.2021 17:45:00,813
14.07.2021 17:50:00,827
14.07.2021 17:55:00,720
14.07.2021 18:00:00,704
14.07.2021 18:05:00,827
14.07.2021 18:10:00,860
14.07.2021 18:15:00,868
14.07.2021 18:20:00,933
14.07.2021 18:25:00,933
14.07.2021 18:30:00,991
14.07.2021 18:35:00,1108
14.07.2021 18:40:00,884
14.07.2021 18:45:00,906
14.07.2021 18:50:00,805
14.07.2021 18:55:00,922
14.07.2021 19:00:00,791
14.07.2021 19:05:00,993
14.07.2021 19:10:00,963
14.07.2021 19:15:00,999
14.07.2021 19:20:00,876
14.07.2021 19:25:00,925
14.07.2021 19:30:00,961
14.07.2021 19:35:00,1310
14.07.2021 19:40:00,1026
14.07.2021 19:45:00,1021
14.07.2021 19:50:00,909
14.07.2021 19:55:00,876
14.07.2021 20:00:00,783
14.07.2021 20:05:00,906
14.07.2021 20:10:00,999
14.07.2021 20:15:00,1021
14.07.2021 20:20:00,1048
14.07.2021 20:25:00,917
14.07.2021 20:30:00,868
14.07.2021 20:35:00,1179
14.07.2021 20:40:00,901
14.07.2021 20:45:00,827
14.07.2021 20:50:00,1015
14.07.2021 20:55:00,1007
14.07.2021 21:00:00,852
14.07.2021 21:05:00,778
14.07.2021 21:10:00,928
14.07.2021 21:15:00,972
14.07.2021 21:20:00,840
14.07.2021 21:25:00,966
14.07.2021 21:30:00,890
14.07.2021 21:35:00,1176
14.07.2021 21:40:00,939
14.07.2021 21:45:00,1021
14.07.2021 21:50:00,898
14.07.2021 21:55:00,857
14.07.2021 22:00:00,786
14.07.2021 22:05:00,862
14.07.2021 22:10:00,969
14.07.2021 22:15:00,797
14.07.2021 22:20:00,955
14.07.2021 22:25:00,862
14.07.2021 22:30:00,969
14.07.2021 22:35:00,1313
14.07.2021 22:40:00,969
14.07.2021 22:45:00,933
14.07.2021 22:50:00,922
14.07.2021 22:55:00,983
14.07.2021 23:00:00,852
14.07.2021 23:05:00,1024
14.07.2021 23:10:00,933
14.07.2021 23:15:00,901
14.07.2021 23:20:00,966
14.07.2021 23:25:00,884
14.07.2021 23:30:00,942
14.07.2021 23:35:00,1163
14.07.2021 23:40:00,893
14.07.2021 23:45:00,808
14.07.2021 23:50:00,881
14.07.2021 23:55:00,898
15.07.2021 00:00:00,1119
15.07.2021 00:05:00,966
15.07.2021 00:10:00,1007
15.07.2021 00:15:00,1029
15.07.2021 00:20:00,983
15.07.2021 00:25:00,890
15.07.2021 00:30:00,947
15.07.2021 00:35:00,1321
15.07.2021 00:40:00,983
15.07.2021 00:45:00,873
15.07.2021 00:50:00,835
15.07.2021 00:55:00,996
15.07.2021 01:00:00,996
15.07.2021 01:05:00,1078
15.07.2021 01:10:00,914
15.07.2021 01:15:00,895
15.07.2021 01:20:00,952
15.07.2021 01:25:00,890
15.07.2021 01:30:00,947
15.07.2021 01:35:00,1359
15.07.2021 01:40:00,942
15.07.2021 01:45:00,958
15.07.2021 01:50:00,925
15.07.2021 01:55:00,1065
15.07.2021 02:00:00,884
15.07.2021 02:05:00,1015
15.07.2021 02:10:00,893
15.07.2021 02:15:00,958
15.07.2021 02:20:00,901
15.07.2021 02:25:00,931
15.07.2021 02:30:00,838
15.07.2021 02:35:00,1220
15.07.2021 02:40:00,922
15.07.2021 02:45:00,958
15.07.2021 02:50:00,849
15.07.2021 02:55:00,849
15.07.2021 03:00:00,996
15.07.2021 03:05:00,953
15.07.2021 03:10:00,947
15.07.2021 03:15:00,854
15.07.2021 03:20:00,876
15.07.2021 03:25:00,961
15.07.2021 03:30:00,1097
15.07.2021 03:35:00,1294
15.07.2021 03:40:00,936
15.07.2021 03:45:00,1024
15.07.2021 03:50:00,884
15.07.2021 03:55:00,879
15.07.2021 04:00:00,879
15.07.2021 04:05:00,1024
15.07.2021 04:10:00,922
15.07.2021 04:15:00,868
15.07.2021 04:20:00,1007
15.07.2021 04:25:00,933
15.07.2021 04:30:00,925
15.07.2021 04:35:00,1294
15.07.2021 04:40:00,868
15.07.2021 04:45:00,933
15.07.2021 04:50:00,868
15.07.2021 04:55:00,958
15.07.2021 05:00:00,893
15.07.2021 05:05:00,963
15.07.2021 05:10:00,832
15.07.2021 05:15:00,1013
15.07.2021 05:20:00,963
15.07.2021 05:25:00,947
15.07.2021 05:30:00,881
15.07.2021 05:35:00,1316
15.07.2021 05:40:00,966
15.07.2021 05:45:00,996
15.07.2021 05:50:00,1021
15.07.2021 05:55:00,911
15.07.2021 06:00:00,832
15.07.2021 06:05:00,922
15.07.2021 06:10:00,950
15.07.2021 06:15:00,791
15.07.2021 06:20:00,917
15.07.2021 06:25:00,991
15.07.2021 06:30:00,952
15.07.2021 06:35:00,1146
15.07.2021 06:40:00,893
15.07.2021 06:45:00,876
15.07.2021 06:50:00,824
15.07.2021 06:55:00,950
15.07.2021 07:00:00,794
15.07.2021 07:05:00,835
15.07.2021 07:10:00,1089
15.07.2021 07:15:00,925
15.07.2021 07:20:00,876
15.07.2021 07:25:00,974
15.07.2021 07:30:00,1048
15.07.2021 07:35:00,1253
15.07.2021 07:40:00,843
15.07.2021 07:45:00,862
15.07.2021 07:50:00,870
15.07.2021 07:55:00,925
15.07.2021 08:00:00,936
15.07.2021 08:05:00,944
15.07.2021 08:10:00,925
15.07.2021 08:15:00,868
15.07.2021 08:20:00,890
15.07.2021 08:25:00,952
15.07.2021 08:30:00,917
15.07.2021 08:35:00,1198
15.07.2021 08:40:00,835
15.07.2021 08:45:00,827
15.07.2021 08:50:00,1024
15.07.2021 08:55:00,950
15.07.2021 09:00:00,966
15.07.2021 09:05:00,974
15.07.2021 09:10:00,835
15.07.2021 09:15:00,925
15.07.2021 09:20:00,884
15.07.2021 09:25:00,819
15.07.2021 09:30:00,980
15.07.2021 09:35:00,1214
15.07.2021 09:40:00,901
15.07.2021 09:45:00,829
15.07.2021 09:50:00,849
15.07.2021 09:55:00,898
15.07.2021 10:00:00,974
15.07.2021 10:05:00,832
15.07.2021 10:10:00,901
15.07.2021 10:15:00,816
15.07.2021 10:20:00,901
15.07.2021 10:25:00,980
15.07.2021 10:30:00,1040
15.07.2021 10:35:00,1206
15.07.2021 10:40:00,928
15.07.2021 10:45:00,879
15.07.2021 10:50:00,922
15.07.2021 10:55:00,1010
15.07.2021 11:00:00,838
15.07.2021 11:05:00,827
15.07.2021 11:10:00,917
15.07.2021 11:15:00,906
15.07.2021 11:20:00,805
15.07.2021 11:25:00,881
15.07.2021 11:30:00,933
15.07.2021 11:35:00,1135
15.07.2021 11:40:00,832
15.07.2021 11:45:00,985
15.07.2021 11:50:00,993
15.07.2021 11:55:00,1097
15.07.2021 12:00:00,983
15.07.2021 12:05:00,835
15.07.2021 12:10:00,942
15.07.2021 12:15:00,884
15.07.2021 12:20:00,852
15.07.2021 12:25:00,983
15.07.2021 12:30:00,950
15.07.2021 12:35:00,1237
15.07.2021 12:40:00,999
15.07.2021 12:45:00,999
15.07.2021 12:50:00,901
15.07.2021 12:55:00,917
15.07.2021 13:00:00,846
15.07.2021 13:05:00,1029
15.07.2021 13:10:00,983
15.07.2021 13:15:00,977
15.07.2021 13:20:00,922
15.07.2021 13:25:00,917
15.07.2021 13:30:00,824
15.07.2021 13:35:00,1127
15.07.2021 13:40:00,999
15.07.2021 13:45:00,950
15.07.2021 13:50:00,977
15.07.2021 13:55:00,876
15.07.2021 14:00:00,868
15.07.2021 14:05:00,884
15.07.2021 14:10:00,835
15.07.2021 14:15:00,1157
15.07.2021 14:20:00,876
15.07.2021 14:25:00,974
15.07.2021 14:30:00,933
15.07.2021 14:35:00,1171
15.07.2021 14:40:00,963
15.07.2021 14:45:00,849
15.07.2021 14:50:00,983
15.07.2021 14:55:00,942
15.07.2021 15:00:00,925
15.07.2021 15:05:00,852
15.07.2021 15:10:00,884
15.07.2021 15:15:00,901
15.07.2021 15:20:00,1024
15.07.2021 15:25:00,1015
15.07.2021 15:30:00,884
15.07.2021 15:35:00,1206
15.07.2021 15:40:00,993
15.07.2021 15:45:00,906
15.07.2021 15:50:00,1024
15.07.2021 15:55:00,920
15.07.2021 16:00:00,920
15.07.2021 16:05:00,813
15.07.2021 16:10:00,1013
15.07.2021 16:15:00,881
15.07.2021 16:20:00,759
15.07.2021 16:25:00,829
15.07.2021 16:30:00,887
15.07.2021 16:35:00,1321
15.07.2021 16:40:00,994
15.07.2021 16:45:00,840
15.07.2021 16:50:00,802
15.07.2021 16:55:00,854
15.07.2021 17:00:00,835
15.07.2021 17:05:00,843
15.07.2021 17:10:00,906
15.07.2021 17:15:00,952
15.07.2021 17:20:00,821
15.07.2021 17:25:00,832
15.07.2021 17:30:00,901
15.07.2021 17:35:00,1168
15.07.2021 17:40:00,893
15.07.2021 17:45:00,862
15.07.2021 17:50:00,832
15.07.2021 17:55:00,876
15.07.2021 18:00:00,802
15.07.2021 18:05:00,890
15.07.2021 18:10:00,890
15.07.2021 18:15:00,903
15.07.2021 18:20:00,1013
15.07.2021 18:25:00,931
15.07.2021 18:30:00,802
15.07.2021 18:35:00,1258
15.07.2021 18:40:00,1135
15.07.2021 18:45:00,870
15.07.2021 18:50:00,805
15.07.2021 18:55:00,974
15.07.2021 19:00:00,953
15.07.2021 19:05:00,1130
15.07.2021 19:10:00,1034
15.07.2021 19:15:00,1130
15.07.2021 19:20:00,1081
15.07.2021 19:25:00,881
15.07.2021 19:30:00,824
15.07.2021 19:35:00,1283
15.07.2021 19:40:00,860
15.07.2021 19:45:00,958
15.07.2021 19:50:00,933
15.07.2021 19:55:00,950
15.07.2021 20:00:00,893
15.07.2021 20:05:00,950
15.07.2021 20:10:00,860
15.07.2021 20:15:00,1097
15.07.2021 20:20:00,950
15.07.2021 20:25:00,942
15.07.2021 20:30:00,942
15.07.2021 20:35:00,1114
15.07.2021 20:40:00,942
15.07.2021 20:45:00,1089
15.07.2021 20:50:00,958
15.07.2021 20:55:00,1037
15.07.2021 21:00:00,950
15.07.2021 21:05:00,862
15.07.2021 21:10:00,920
15.07.2021 21:15:00,1032
15.07.2021 21:20:00,895
15.07.2021 21:25:00,980
15.07.2021 21:30:00,961
15.07.2021 21:35:00,1133
15.07.2021 21:40:00,893
15.07.2021 21:45:00,922
15.07.2021 21:50:00,811
15.07.2021 21:55:00,1024
15.07.2021 22:00:00,772
15.07.2021 22:05:00,800
15.07.2021 22:10:00,958
15.07.2021 22:15:00,811
15.07.2021 22:20:00,778
15.07.2021 22:25:00,821
15.07.2021 22:30:00,879
15.07.2021 22:35:00,1351
15.07.2021 22:40:00,1114
15.07.2021 22:45:00,893
15.07.2021 22:50:00,860
15.07.2021 22:55:00,901
15.07.2021 23:00:00,933
15.07.2021 23:05:00,991
15.07.2021 23:10:00,860
15.07.2021 23:15:00,909
15.07.2021 23:20:00,933
15.07.2021 23:25:00,1051
15.07.2021 23:30:00,972
15.07.2021 23:35:00,1239
15.07.2021 23:40:00,1004
15.07.2021 23:45:00,977
15.07.2021 23:50:00,952
15.07.2021 23:55:00,906
